user,time slot,region,ground truth,sensing traffic,prediction,noise(pp)
1,45,12,50.0,50,52,0.0
1,74,15,37.0,37,26,0.0
1,114,21,93.0,93,95,0.0
1,116,0,43.0,43,30,0.0
1,27,3,27.0,27,16,0.0
1,64,27,71.0,71,65,0.0
1,17,3,49.0,49,56,0.0
1,36,7,63.0,63,68,0.0
1,113,9,160.0,160,192,0.0
1,96,19,40.0,40,49,0.0
1,12,21,170.0,170,157,0.0
1,79,18,25.0,25,16,0.0
1,102,4,42.0,42,55,0.0
1,32,23,5.0,5,9,0.0
1,68,6,195.0,195,211,0.0
1,90,24,90.0,90,95,0.0
1,103,24,68.0,68,80,0.0
1,77,12,5.0,5,7,0.0
1,18,26,129.0,129,140,0.0
1,39,1,65.0,65,69,0.0
1,109,6,117.0,117,133,0.0
1,93,7,120.0,120,128,0.0
1,9,23,62.0,62,55,0.0
1,87,14,57.0,57,70,0.0
1,42,24,136.0,136,171,0.0
1,60,17,0.0,0,1,0.0
1,71,5,56.0,56,90,0.0
1,99,25,48.0,48,37,0.0
1,119,13,8.0,8,41,0.0
1,55,8,201.0,201,172,0.0
2,38,9,221.0,221,237,0.0
2,70,20,276.0,276,252,0.0
2,37,19,60.0,60,64,0.0
2,90,16,59.0,59,56,0.0
2,15,19,48.0,48,63,0.0
2,118,5,68.0,68,60,0.0
2,42,30,72.0,72,103,0.0
2,104,15,49.0,49,55,0.0
2,69,15,64.0,64,69,0.0
2,26,0,24.0,24,19,0.0
2,102,18,128.0,128,123,0.0
2,77,3,4.0,4,10,0.0
2,114,24,57.0,57,60,0.0
2,75,17,0.0,0,0,0.0
2,36,19,47.0,47,61,0.0
2,56,29,5.0,5,6,0.0
2,11,19,53.0,53,56,0.0
2,76,19,6.0,6,9,0.0
2,49,14,114.0,114,118,0.0
2,40,7,122.0,122,160,0.0
2,73,0,30.0,30,25,0.0
2,30,1,12.0,12,14,0.0
2,117,9,152.0,152,133,0.0
2,23,25,38.0,38,36,0.0
2,24,31,0.0,0,0,0.0
2,96,0,43.0,43,36,0.0
2,4,31,1.0,1,1,0.0
2,78,10,25.0,25,18,0.0
2,84,20,239.0,239,256,0.0
2,33,23,16.0,16,11,0.0
3,14,3,60.0,60,58,0.0
3,90,30,29.0,29,42,0.0
3,28,11,16.0,16,13,0.0
3,47,18,209.0,209,183,0.0
3,101,23,41.0,41,43,0.0
3,21,28,22.0,22,18,0.0
3,42,2,89.0,89,102,0.0
3,54,0,70.0,70,70,0.0
3,104,0,31.0,31,28,0.0
3,7,4,111.0,111,98,0.0
3,12,21,170.0,170,157,0.0
3,100,5,74.0,74,70,0.0
3,18,6,230.0,230,267,0.0
3,89,8,132.0,132,153,0.0
3,117,20,151.0,151,141,0.0
3,5,17,1.0,1,2,0.0
3,73,15,26.0,26,25,0.0
3,81,4,6.0,6,10,0.0
3,68,9,219.0,219,225,0.0
3,77,10,25.0,25,25,0.0
3,87,26,67.0,67,102,0.0
3,9,31,1.0,1,1,0.0
3,3,24,138.0,138,139,0.0
3,15,1,98.0,98,91,0.0
3,102,1,62.0,62,63,0.0
3,24,7,106.0,106,102,0.0
3,108,9,188.0,188,188,0.0
3,103,25,31.0,31,41,0.0
3,96,3,39.0,39,41,0.0
3,50,6,357.0,357,299,0.0
4,98,23,34.0,34,41,0.0
4,7,11,79.0,79,88,0.0
4,100,14,68.0,68,64,0.0
4,86,18,108.0,108,118,0.0
4,20,27,86.0,86,105,0.0
4,108,0,43.0,43,33,0.0
4,115,14,45.0,45,52,0.0
4,43,3,53.0,53,67,0.0
4,67,21,173.0,173,149,0.0
4,32,12,6.0,6,6,0.0
4,15,25,48.0,48,48,0.0
4,76,10,23.0,23,39,0.0
4,56,20,302.0,302,299,0.0
4,85,11,39.0,39,39,0.0
4,22,4,79.0,79,76,0.0
4,1,6,303.0,303,291,0.0
4,60,4,44.0,44,58,0.0
4,87,15,60.0,60,68,0.0
4,52,31,0.0,0,1,0.0
4,72,20,107.0,107,103,0.0
4,65,3,48.0,48,54,0.0
4,39,12,32.0,32,38,0.0
4,83,4,21.0,21,12,0.0
4,45,20,317.0,317,339,0.0
4,49,8,209.0,209,228,0.0
4,84,14,36.0,36,36,0.0
4,110,15,51.0,51,59,0.0
4,19,20,281.0,281,311,0.0
4,71,3,35.0,35,56,0.0
4,88,26,80.0,80,99,0.0
5,5,23,91.0,91,77,0.0
5,21,15,86.0,86,70,0.0
5,57,13,140.0,140,143,0.0
5,8,21,198.0,198,187,0.0
5,33,21,29.0,29,30,0.0
5,89,16,59.0,59,56,0.0
5,20,17,0.0,0,0,0.0
5,117,5,72.0,72,67,0.0
5,67,9,223.0,223,222,0.0
5,62,3,53.0,53,57,0.0
5,71,0,43.0,43,46,0.0
5,77,31,0.0,0,0,0.0
5,96,5,60.0,60,80,0.0
5,0,30,66.0,66,69,0.0
5,4,0,89.0,89,89,0.0
5,63,17,0.0,0,1,0.0
5,41,18,183.0,183,206,0.0
5,39,4,54.0,54,48,0.0
5,59,2,71.0,71,76,0.0
5,6,16,109.0,109,101,0.0
5,53,29,6.0,6,8,0.0
5,24,3,46.0,46,47,0.0
5,70,2,115.0,115,108,0.0
5,81,10,18.0,18,25,0.0
5,10,13,172.0,172,150,0.0
5,92,16,63.0,63,50,0.0
5,16,7,199.0,199,180,0.0
5,1,21,171.0,171,184,0.0
5,51,9,329.0,329,352,0.0
5,86,31,0.0,0,0,0.0
6,40,0,36.0,48,47,0.3392322308940898
6,46,10,224.0,257,208,0.14568458380233146
6,72,18,50.0,61,40,0.22669887228149604
6,116,11,54.0,77,35,0.41835103194478596
6,108,26,48.0,65,71,0.3578327284165249
6,5,31,0.0,1,1,0.3153157726615935
6,115,23,20.0,28,24,0.38215041485224854
6,95,27,59.0,76,61,0.29062426044296746
6,89,2,47.0,56,56,0.20045725637397932
6,77,25,10.0,14,8,0.3774218619938647
6,83,2,18.0,23,19,0.2692825966643195
6,63,30,52.0,73,57,0.4098210947543601
6,91,3,43.0,56,37,0.3020328148393453
6,82,30,10.0,13,12,0.3313856501493057
6,58,27,88.0,119,84,0.35209596893130446
6,81,3,5.0,7,7,0.40996768636666214
6,55,18,154.0,214,169,0.39169396753918007
6,47,14,92.0,124,116,0.3437566792522526
6,68,3,65.0,81,53,0.25098111636420356
6,22,20,261.0,363,279,0.39116195645127094
6,26,17,0.0,1,0,0.47747648913278024
6,48,18,207.0,296,200,0.42792532877546974
6,75,27,23.0,26,27,0.1108280710703983
6,37,14,57.0,76,74,0.3311758604779071
6,1,9,353.0,491,366,0.3907458607677695
6,17,26,124.0,160,121,0.28634499251381246
6,19,1,107.0,123,116,0.14624835465820543
6,34,4,18.0,24,13,0.3203205618452404
6,42,10,175.0,214,206,0.22409111141838944
6,43,22,178.0,238,144,0.33775961217732503
7,94,11,59.0,59,61,0.0
7,87,8,140.0,140,123,0.0
7,114,11,39.0,39,48,0.0
7,19,2,91.0,91,99,0.0
7,21,19,55.0,55,44,0.0
7,80,16,8.0,8,7,0.0
7,72,0,26.0,26,23,0.0
7,48,22,146.0,146,154,0.0
7,103,0,55.0,55,30,0.0
7,81,6,38.0,38,34,0.0
7,11,19,53.0,53,56,0.0
7,8,14,122.0,122,127,0.0
7,111,10,84.0,84,91,0.0
7,10,19,64.0,64,54,0.0
7,25,24,25.0,25,35,0.0
7,95,28,13.0,13,11,0.0
7,28,8,22.0,22,26,0.0
7,7,13,190.0,190,180,0.0
7,49,30,74.0,74,72,0.0
7,1,24,130.0,130,135,0.0
7,12,29,3.0,3,6,0.0
7,50,2,102.0,102,97,0.0
7,71,3,35.0,35,56,0.0
7,66,30,64.0,64,54,0.0
7,37,2,50.0,50,50,0.0
7,57,11,62.0,62,65,0.0
7,62,13,146.0,146,151,0.0
7,74,16,22.0,22,16,0.0
7,91,8,140.0,140,140,0.0
7,86,8,114.0,114,99,0.0
8,66,19,26.0,26,48,0.0
8,63,31,0.0,0,1,0.0
8,86,8,114.0,114,99,0.0
8,113,26,54.0,54,67,0.0
8,41,2,87.0,87,78,0.0
8,106,24,61.0,61,71,0.0
8,118,20,131.0,131,137,0.0
8,116,3,39.0,39,32,0.0
8,81,12,14.0,14,8,0.0
8,85,29,4.0,4,2,0.0
8,25,14,57.0,57,34,0.0
8,69,0,70.0,70,71,0.0
8,78,4,7.0,7,11,0.0
8,28,3,12.0,12,11,0.0
8,1,13,171.0,171,166,0.0
8,43,11,84.0,84,68,0.0
8,90,28,6.0,6,10,0.0
8,95,22,116.0,116,97,0.0
8,40,13,123.0,123,141,0.0
8,115,25,20.0,20,25,0.0
8,4,13,182.0,182,195,0.0
8,67,11,42.0,42,46,0.0
8,18,24,70.0,70,92,0.0
8,32,16,14.0,14,6,0.0
8,77,24,9.0,9,17,0.0
8,19,29,7.0,7,6,0.0
8,48,21,209.0,209,184,0.0
8,74,14,31.0,31,28,0.0
8,37,25,37.0,37,49,0.0
8,103,16,53.0,53,44,0.0
9,49,28,11.0,11,11,0.0
9,77,25,10.0,10,8,0.0
9,75,22,40.0,40,39,0.0
9,29,21,21.0,21,21,0.0
9,108,29,4.0,4,4,0.0
9,110,19,28.0,28,39,0.0
9,102,1,62.0,62,63,0.0
9,2,8,242.0,242,245,0.0
9,84,0,19.0,19,13,0.0
9,0,4,100.0,100,95,0.0
9,94,27,57.0,57,66,0.0
9,23,27,63.0,63,59,0.0
9,38,25,55.0,55,59,0.0
9,64,6,222.0,222,197,0.0
9,72,21,71.0,71,59,0.0
9,32,31,0.0,0,0,0.0
9,42,13,160.0,160,176,0.0
9,8,7,211.0,211,225,0.0
9,63,24,82.0,82,91,0.0
9,33,24,18.0,18,16,0.0
9,107,15,62.0,62,51,0.0
9,98,9,239.0,239,213,0.0
9,52,18,229.0,229,208,0.0
9,119,8,8.0,8,65,0.0
9,96,22,110.0,110,97,0.0
9,7,15,95.0,95,122,0.0
9,20,11,41.0,41,56,0.0
9,82,6,39.0,39,41,0.0
9,16,15,72.0,72,89,0.0
9,30,29,0.0,0,1,0.0
10,43,25,91.0,91,77,0.0
10,83,1,29.0,29,27,0.0
10,15,31,0.0,0,1,0.0
10,87,22,91.0,91,102,0.0
10,91,12,26.0,26,38,0.0
10,79,24,11.0,11,10,0.0
10,37,29,6.0,6,5,0.0
10,100,24,97.0,97,67,0.0
10,108,3,34.0,34,33,0.0
10,16,18,170.0,170,145,0.0
10,49,15,106.0,106,103,0.0
10,102,3,29.0,29,37,0.0
10,113,10,139.0,139,100,0.0
10,95,12,40.0,40,35,0.0
10,116,6,86.0,86,117,0.0
10,103,3,41.0,41,33,0.0
10,117,22,68.0,68,57,0.0
10,66,30,64.0,64,54,0.0
10,112,29,6.0,6,3,0.0
10,24,5,75.0,75,68,0.0
10,4,23,69.0,69,72,0.0
10,50,11,86.0,86,80,0.0
10,56,0,55.0,55,74,0.0
10,47,11,90.0,90,83,0.0
10,101,8,123.0,123,119,0.0
10,58,20,235.0,235,255,0.0
10,45,10,196.0,196,202,0.0
10,80,22,27.0,27,20,0.0
10,9,11,82.0,82,71,0.0
10,5,5,142.0,142,142,0.0
11,32,29,0.0,0,1,0.0
11,10,28,11.0,11,14,0.0
11,45,15,115.0,115,119,0.0
11,9,8,191.0,191,193,0.0
11,15,2,100.0,100,86,0.0
11,117,27,44.0,44,42,0.0
11,88,19,65.0,65,57,0.0
11,3,25,55.0,55,73,0.0
11,44,23,94.0,94,69,0.0
11,111,21,97.0,97,91,0.0
11,22,19,50.0,50,47,0.0
11,1,14,118.0,118,114,0.0
11,106,20,193.0,193,153,0.0
11,29,21,21.0,21,21,0.0
11,104,29,5.0,5,5,0.0
11,46,3,79.0,79,72,0.0
11,116,3,39.0,39,32,0.0
11,76,7,31.0,31,27,0.0
11,18,9,261.0,261,274,0.0
11,26,9,65.0,65,76,0.0
11,0,9,338.0,338,357,0.0
11,100,23,37.0,37,41,0.0
11,84,3,18.0,18,13,0.0
11,86,14,47.0,47,61,0.0
11,93,26,82.0,82,92,0.0
11,115,18,65.0,65,76,0.0
11,99,12,32.0,32,35,0.0
11,37,3,41.0,41,35,0.0
11,47,31,0.0,0,0,0.0
11,113,9,160.0,160,192,0.0
12,2,10,190.0,190,198,0.0
12,50,27,99.0,99,80,0.0
12,9,13,172.0,172,161,0.0
12,89,7,104.0,104,152,0.0
12,117,7,101.0,101,85,0.0
12,16,29,4.0,4,5,0.0
12,53,21,201.0,201,181,0.0
12,38,1,59.0,59,54,0.0
12,70,12,28.0,28,17,0.0
12,113,2,53.0,53,50,0.0
12,94,2,56.0,56,60,0.0
12,18,24,70.0,70,92,0.0
12,75,1,32.0,32,39,0.0
12,54,5,115.0,115,107,0.0
12,112,8,109.0,109,111,0.0
12,81,31,0.0,0,0,0.0
12,45,4,89.0,89,100,0.0
12,10,0,61.0,61,64,0.0
12,31,11,14.0,14,11,0.0
12,56,2,88.0,88,94,0.0
12,80,5,12.0,12,16,0.0
12,47,30,69.0,69,72,0.0
12,104,21,86.0,86,86,0.0
12,67,30,62.0,62,52,0.0
12,7,16,106.0,106,108,0.0
12,48,30,66.0,66,69,0.0
12,52,8,233.0,233,222,0.0
12,1,29,5.0,5,5,0.0
12,110,1,44.0,44,47,0.0
12,41,17,0.0,0,1,0.0
13,54,16,98.0,98,79,0.0
13,90,3,30.0,30,35,0.0
13,96,24,85.0,85,89,0.0
13,60,27,66.0,66,74,0.0
13,11,8,186.0,186,192,0.0
13,86,20,250.0,250,267,0.0
13,63,4,56.0,56,65,0.0
13,97,16,44.0,44,53,0.0
13,29,25,2.0,2,5,0.0
13,69,3,60.0,60,74,0.0
13,112,7,97.0,97,102,0.0
13,51,28,10.0,10,13,0.0
13,35,3,16.0,16,16,0.0
13,80,18,18.0,18,16,0.0
13,2,30,75.0,75,70,0.0
13,15,29,2.0,2,6,0.0
13,34,17,0.0,0,1,0.0
13,85,1,37.0,37,34,0.0
13,5,18,233.0,233,250,0.0
13,0,17,0.0,0,1,0.0
13,32,29,0.0,0,1,0.0
13,50,20,352.0,352,365,0.0
13,67,29,5.0,5,5,0.0
13,74,2,31.0,31,34,0.0
13,118,5,68.0,68,60,0.0
13,98,5,70.0,70,81,0.0
13,56,12,34.0,34,40,0.0
13,13,12,48.0,48,50,0.0
13,99,21,110.0,110,110,0.0
13,45,29,10.0,10,9,0.0
14,17,2,90.0,90,84,0.0
14,71,15,25.0,25,55,0.0
14,85,27,37.0,37,42,0.0
14,38,21,78.0,78,102,0.0
14,45,7,254.0,254,259,0.0
14,80,7,13.0,13,16,0.0
14,60,11,66.0,66,72,0.0
14,95,22,116.0,116,97,0.0
14,53,30,80.0,80,80,0.0
14,27,17,0.0,0,0,0.0
14,61,6,241.0,241,228,0.0
14,62,7,177.0,177,216,0.0
14,88,18,117.0,117,124,0.0
14,64,28,10.0,10,12,0.0
14,40,11,59.0,59,63,0.0
14,63,19,48.0,48,57,0.0
14,83,17,0.0,0,1,0.0
14,7,9,360.0,360,386,0.0
14,56,29,5.0,5,6,0.0
14,116,14,42.0,42,44,0.0
14,18,21,158.0,158,180,0.0
14,112,9,154.0,154,164,0.0
14,104,25,37.0,37,33,0.0
14,6,18,218.0,218,228,0.0
14,79,0,13.0,13,8,0.0
14,110,27,47.0,47,48,0.0
14,3,9,378.0,378,385,0.0
14,115,28,5.0,5,9,0.0
14,113,11,43.0,43,46,0.0
14,50,17,0.0,0,1,0.0
15,56,9,340.0,340,281,0.0
15,44,26,159.0,159,147,0.0
15,101,0,41.0,41,37,0.0
15,49,22,138.0,138,156,0.0
15,54,31,2.0,2,1,0.0
15,103,16,53.0,53,44,0.0
15,62,10,190.0,190,214,0.0
15,116,4,50.0,50,41,0.0
15,93,30,32.0,32,43,0.0
15,28,24,11.0,11,16,0.0
15,117,20,151.0,151,141,0.0
15,25,31,1.0,1,0,0.0
15,119,3,5.0,5,29,0.0
15,26,19,16.0,16,14,0.0
15,75,8,50.0,50,46,0.0
15,90,24,90.0,90,95,0.0
15,6,27,100.0,100,94,0.0
15,112,29,6.0,6,3,0.0
15,4,27,102.0,102,87,0.0
15,29,14,11.0,11,14,0.0
15,81,23,15.0,15,11,0.0
15,10,0,61.0,61,64,0.0
15,23,19,30.0,30,36,0.0
15,46,8,240.0,240,240,0.0
15,7,7,226.0,226,240,0.0
15,99,23,35.0,35,40,0.0
15,86,13,82.0,82,76,0.0
15,22,26,117.0,117,133,0.0
15,100,17,0.0,0,2,0.0
15,78,24,4.0,4,12,0.0
16,77,20,54.0,54,42,0.0
16,13,23,40.0,40,55,0.0
16,119,0,2.0,2,25,0.0
16,113,11,43.0,43,46,0.0
16,10,28,11.0,11,14,0.0
16,101,4,58.0,58,56,0.0
16,40,25,85.0,85,64,0.0
16,41,0,67.0,67,59,0.0
16,68,10,142.0,142,141,0.0
16,58,14,121.0,121,96,0.0
16,112,22,69.0,69,72,0.0
16,32,28,2.0,2,2,0.0
16,3,20,411.0,411,385,0.0
16,66,18,97.0,97,118,0.0
16,5,4,91.0,91,111,0.0
16,24,22,56.0,56,67,0.0
16,47,3,69.0,69,67,0.0
16,115,26,58.0,58,68,0.0
16,26,19,16.0,16,14,0.0
16,67,7,131.0,131,115,0.0
16,44,8,261.0,261,247,0.0
16,104,29,5.0,5,5,0.0
16,25,13,61.0,61,43,0.0
16,108,5,65.0,65,63,0.0
16,86,0,29.0,29,22,0.0
16,93,8,111.0,111,120,0.0
16,38,15,48.0,48,71,0.0
16,39,15,73.0,73,71,0.0
16,106,21,90.0,90,83,0.0
16,49,11,74.0,74,84,0.0
17,55,4,97.0,97,71,0.0
17,13,7,232.0,232,211,0.0
17,71,28,1.0,1,14,0.0
17,115,13,63.0,63,72,0.0
17,36,26,79.0,79,74,0.0
17,78,10,25.0,25,18,0.0
17,69,20,257.0,257,277,0.0
17,100,14,68.0,68,64,0.0
17,25,17,0.0,0,0,0.0
17,91,27,99.0,99,65,0.0
17,37,19,60.0,60,64,0.0
17,99,3,30.0,30,43,0.0
17,56,9,340.0,340,281,0.0
17,65,18,100.0,100,125,0.0
17,77,21,28.0,28,33,0.0
17,59,2,71.0,71,76,0.0
17,68,19,39.0,39,49,0.0
17,81,30,12.0,12,7,0.0
17,33,21,29.0,29,30,0.0
17,34,26,31.0,31,40,0.0
17,29,11,14.0,14,9,0.0
17,2,23,59.0,59,61,0.0
17,15,28,18.0,18,14,0.0
17,114,28,3.0,3,8,0.0
17,110,18,70.0,70,91,0.0
17,12,13,172.0,172,162,0.0
17,22,23,26.0,26,35,0.0
17,53,1,129.0,129,113,0.0
17,31,6,19.0,19,27,0.0
17,27,10,40.0,40,31,0.0
18,22,21,132.0,132,158,0.0
18,65,16,57.0,57,59,0.0
18,9,30,73.0,73,67,0.0
18,17,27,92.0,92,76,0.0
18,97,16,44.0,44,53,0.0
18,26,26,35.0,35,42,0.0
18,100,28,5.0,5,9,0.0
18,99,3,30.0,30,43,0.0
18,63,26,111.0,111,113,0.0
18,72,17,0.0,0,0,0.0
18,98,10,150.0,150,117,0.0
18,89,9,226.0,226,232,0.0
18,27,12,8.0,8,8,0.0
18,30,13,13.0,13,18,0.0
18,93,25,46.0,46,50,0.0
18,16,6,260.0,260,217,0.0
18,29,6,29.0,29,19,0.0
18,115,7,66.0,66,89,0.0
18,49,8,209.0,209,228,0.0
18,45,13,196.0,196,169,0.0
18,77,24,9.0,9,17,0.0
18,75,7,35.0,35,39,0.0
18,104,16,52.0,52,41,0.0
18,80,24,11.0,11,13,0.0
18,111,22,72.0,72,70,0.0
18,13,24,87.0,87,106,0.0
18,78,15,9.0,9,14,0.0
18,3,25,55.0,55,73,0.0
18,67,8,84.0,84,96,0.0
18,76,3,10.0,10,14,0.0
19,93,6,159.0,159,168,0.0
19,80,17,0.0,0,0,0.0
19,19,7,120.0,120,128,0.0
19,45,20,317.0,317,339,0.0
19,2,25,62.0,62,64,0.0
19,62,2,65.0,65,83,0.0
19,118,28,3.0,3,7,0.0
19,7,16,106.0,106,108,0.0
19,3,24,138.0,138,139,0.0
19,30,18,19.0,19,15,0.0
19,5,13,162.0,162,194,0.0
19,1,23,54.0,54,62,0.0
19,28,24,11.0,11,16,0.0
19,83,4,21.0,21,12,0.0
19,41,4,69.0,69,68,0.0
19,8,12,36.0,36,48,0.0
19,112,17,0.0,0,1,0.0
19,44,23,94.0,94,69,0.0
19,84,30,26.0,26,15,0.0
19,54,22,162.0,162,163,0.0
19,17,25,41.0,41,51,0.0
19,27,20,57.0,57,55,0.0
19,57,1,110.0,110,95,0.0
19,55,5,121.0,121,98,0.0
19,18,25,48.0,48,52,0.0
19,116,23,14.0,14,20,0.0
19,39,27,74.0,74,94,0.0
19,22,29,4.0,4,5,0.0
19,106,1,45.0,45,50,0.0
19,42,19,91.0,91,93,0.0
20,54,21,173.0,173,161,0.0
20,118,23,18.0,18,19,0.0
20,110,19,28.0,28,39,0.0
20,76,22,26.0,26,32,0.0
20,13,22,132.0,132,143,0.0
20,79,7,17.0,17,15,0.0
20,80,9,38.0,38,35,0.0
20,58,17,1.0,1,1,0.0
20,90,9,217.0,217,215,0.0
20,19,22,145.0,145,124,0.0
20,78,0,8.0,8,8,0.0
20,77,19,11.0,11,8,0.0
20,5,24,169.0,169,151,0.0
20,32,4,10.0,10,8,0.0
20,43,17,0.0,0,1,0.0
20,103,20,194.0,194,177,0.0
20,94,21,121.0,121,133,0.0
20,93,16,55.0,55,55,0.0
20,48,3,72.0,72,60,0.0
20,3,30,83.0,83,78,0.0
20,113,10,139.0,139,100,0.0
20,4,1,140.0,140,134,0.0
20,63,20,240.0,240,264,0.0
20,11,4,62.0,62,71,0.0
20,45,4,89.0,89,100,0.0
20,37,16,41.0,41,65,0.0
20,85,16,33.0,33,38,0.0
20,117,15,49.0,49,34,0.0
20,112,10,109.0,109,89,0.0
20,30,13,13.0,13,18,0.0
21,106,8,117.0,117,106,0.0
21,32,30,3.0,3,6,0.0
21,26,27,23.0,23,28,0.0
21,14,11,87.0,87,85,0.0
21,72,31,0.0,0,0,0.0
21,42,31,0.0,0,1,0.0
21,103,20,194.0,194,177,0.0
21,31,6,19.0,19,27,0.0
21,75,9,84.0,84,68,0.0
21,86,28,10.0,10,8,0.0
21,92,27,83.0,83,60,0.0
21,68,15,60.0,60,65,0.0
21,87,3,39.0,39,30,0.0
21,45,19,79.0,79,90,0.0
21,20,12,27.0,27,26,0.0
21,19,18,133.0,133,151,0.0
21,114,17,0.0,0,1,0.0
21,95,10,143.0,143,125,0.0
21,1,2,111.0,111,105,0.0
21,74,1,31.0,31,34,0.0
21,6,11,76.0,76,79,0.0
21,115,3,53.0,53,36,0.0
21,104,12,41.0,41,30,0.0
21,44,4,85.0,85,91,0.0
21,46,26,145.0,145,145,0.0
21,37,1,49.0,49,50,0.0
21,80,17,0.0,0,0,0.0
21,94,0,34.0,34,37,0.0
21,41,7,187.0,187,191,0.0
21,63,24,82.0,82,91,0.0
22,104,26,80.0,80,67,0.0
22,91,4,66.0,66,57,0.0
22,35,3,16.0,16,16,0.0
22,33,5,14.0,14,20,0.0
22,68,6,195.0,195,211,0.0
22,67,3,47.0,47,53,0.0
22,70,2,115.0,115,108,0.0
22,40,25,85.0,85,64,0.0
22,43,8,260.0,260,243,0.0
22,24,28,14.0,14,10,0.0
22,90,1,57.0,57,52,0.0
22,100,28,5.0,5,9,0.0
22,55,4,97.0,97,71,0.0
22,101,26,89.0,89,82,0.0
22,18,0,75.0,75,76,0.0
22,0,24,132.0,132,144,0.0
22,96,13,128.0,128,100,0.0
22,65,19,44.0,44,48,0.0
22,19,9,223.0,223,253,0.0
22,108,21,74.0,74,96,0.0
22,84,5,35.0,35,24,0.0
22,89,1,56.0,56,56,0.0
22,72,7,68.0,68,66,0.0
22,49,29,3.0,3,6,0.0
22,46,30,71.0,71,70,0.0
22,59,8,167.0,167,150,0.0
22,4,22,169.0,169,162,0.0
22,71,20,101.0,101,217,0.0
22,52,7,238.0,238,233,0.0
22,81,3,5.0,5,7,0.0
23,112,21,80.0,80,94,0.0
23,96,27,49.0,49,56,0.0
23,99,12,32.0,32,35,0.0
23,45,3,69.0,69,74,0.0
23,78,6,37.0,37,25,0.0
23,41,20,282.0,282,296,0.0
23,11,7,187.0,187,207,0.0
23,39,19,65.0,65,59,0.0
23,3,31,0.0,0,1,0.0
23,63,0,52.0,52,53,0.0
23,1,5,128.0,128,147,0.0
23,97,27,80.0,80,60,0.0
23,32,11,16.0,16,11,0.0
23,25,30,16.0,16,19,0.0
23,108,9,188.0,188,188,0.0
23,50,19,105.0,105,92,0.0
23,49,7,237.0,237,234,0.0
23,55,21,168.0,168,138,0.0
23,117,5,72.0,72,67,0.0
23,81,28,2.0,2,3,0.0
23,80,8,18.0,18,19,0.0
23,86,11,84.0,84,52,0.0
23,103,14,70.0,70,66,0.0
23,89,0,42.0,42,39,0.0
23,4,8,246.0,246,249,0.0
23,74,19,14.0,14,14,0.0
23,59,6,229.0,229,213,0.0
23,116,25,16.0,16,23,0.0
23,72,10,57.0,57,46,0.0
23,16,19,62.0,62,57,0.0
24,91,2,59.0,59,58,0.0
24,97,27,80.0,80,60,0.0
24,92,23,60.0,60,43,0.0
24,5,0,70.0,70,96,0.0
24,93,19,39.0,39,54,0.0
24,105,26,83.0,83,71,0.0
24,66,14,85.0,85,88,0.0
24,116,0,43.0,43,30,0.0
24,114,19,23.0,23,36,0.0
24,71,6,73.0,73,159,0.0
24,88,1,60.0,60,55,0.0
24,95,12,40.0,40,35,0.0
24,89,27,65.0,65,66,0.0
24,80,25,6.0,6,6,0.0
24,49,18,205.0,205,204,0.0
24,23,13,78.0,78,68,0.0
24,44,9,370.0,370,326,0.0
24,102,4,42.0,42,55,0.0
24,74,25,8.0,8,12,0.0
24,10,29,3.0,3,6,0.0
24,100,27,73.0,73,49,0.0
24,110,17,0.0,0,1,0.0
24,22,3,71.0,71,69,0.0
24,33,2,19.0,19,18,0.0
24,25,20,88.0,88,109,0.0
24,96,13,128.0,128,100,0.0
24,41,25,63.0,63,79,0.0
24,107,15,62.0,62,51,0.0
24,90,23,50.0,50,45,0.0
24,32,4,10.0,10,8,0.0
25,42,9,326.0,326,339,0.0
25,106,30,33.0,33,35,0.0
25,48,4,103.0,103,88,0.0
25,65,17,0.0,0,1,0.0
25,46,18,188.0,188,200,0.0
25,107,13,94.0,94,86,0.0
25,110,30,23.0,23,33,0.0
25,81,13,26.0,26,26,0.0
25,15,23,57.0,57,47,0.0
25,17,2,90.0,90,84,0.0
25,40,3,28.0,28,45,0.0
25,2,9,349.0,349,365,0.0
25,23,26,89.0,89,97,0.0
25,93,23,55.0,55,47,0.0
25,16,26,118.0,118,111,0.0
25,108,22,49.0,49,76,0.0
25,43,22,178.0,178,144,0.0
25,77,12,5.0,5,7,0.0
25,24,15,37.0,37,44,0.0
25,5,2,107.0,107,125,0.0
25,52,26,128.0,128,142,0.0
25,82,19,32.0,32,20,0.0
25,7,6,312.0,312,318,0.0
25,89,14,96.0,96,83,0.0
25,39,16,74.0,74,65,0.0
25,49,29,3.0,3,6,0.0
25,6,28,15.0,15,15,0.0
25,76,15,16.0,16,20,0.0
25,91,26,104.0,104,86,0.0
25,21,8,129.0,129,122,0.0
26,109,0,38.0,38,31,0.0
26,118,10,60.0,60,68,0.0
26,33,11,19.0,19,16,0.0
26,3,13,188.0,188,181,0.0
26,82,7,20.0,20,23,0.0
26,66,30,64.0,64,54,0.0
26,12,6,237.0,237,257,0.0
26,107,13,94.0,94,86,0.0
26,105,21,106.0,106,83,0.0
26,10,30,78.0,78,64,0.0
26,42,15,119.0,119,106,0.0
26,45,9,337.0,337,353,0.0
26,113,6,112.0,112,128,0.0
26,60,21,114.0,114,138,0.0
26,4,11,74.0,74,84,0.0
26,19,18,133.0,133,151,0.0
26,114,7,100.0,100,101,0.0
26,80,28,1.0,1,2,0.0
26,36,1,41.0,41,44,0.0
26,111,9,172.0,172,163,0.0
26,0,2,95.0,95,104,0.0
26,48,18,207.0,207,200,0.0
26,43,28,18.0,18,17,0.0
26,20,14,80.0,80,91,0.0
26,70,5,117.0,117,87,0.0
26,89,27,65.0,65,66,0.0
26,18,22,137.0,137,132,0.0
26,96,4,46.0,46,58,0.0
26,22,31,1.0,1,0,0.0
26,92,29,4.0,4,4,0.0
27,14,18,171.0,171,156,0.0
27,73,28,3.0,3,5,0.0
27,78,14,20.0,20,15,0.0
27,18,29,7.0,7,6,0.0
27,99,18,139.0,139,104,0.0
27,19,1,107.0,107,116,0.0
27,86,12,36.0,36,28,0.0
27,100,0,36.0,36,36,0.0
27,48,9,329.0,329,331,0.0
27,112,16,29.0,29,39,0.0
27,3,2,119.0,119,107,0.0
27,53,8,192.0,192,205,0.0
27,55,19,82.0,82,78,0.0
27,72,29,1.0,1,2,0.0
27,87,10,136.0,136,133,0.0
27,42,16,96.0,96,99,0.0
27,91,26,104.0,104,86,0.0
27,31,27,14.0,14,10,0.0
27,17,24,65.0,65,81,0.0
27,46,24,158.0,158,155,0.0
27,65,1,75.0,75,91,0.0
27,27,0,24.0,24,16,0.0
27,68,5,91.0,91,87,0.0
27,51,24,148.0,148,147,0.0
27,9,2,91.0,91,108,0.0
27,16,15,72.0,72,89,0.0
27,52,3,55.0,55,64,0.0
27,106,28,5.0,5,8,0.0
27,84,14,36.0,36,36,0.0
27,44,5,118.0,118,122,0.0
28,91,11,42.0,42,59,0.0
28,58,19,52.0,52,50,0.0
28,77,24,9.0,9,17,0.0
28,59,6,229.0,229,213,0.0
28,20,20,288.0,288,305,0.0
28,21,6,193.0,193,201,0.0
28,43,28,18.0,18,17,0.0
28,60,19,45.0,45,52,0.0
28,52,6,338.0,338,318,0.0
28,115,2,68.0,68,52,0.0
28,75,28,6.0,6,4,0.0
28,36,28,8.0,8,6,0.0
28,97,6,207.0,207,167,0.0
28,64,5,85.0,85,82,0.0
28,14,27,73.0,73,66,0.0
28,47,5,138.0,138,138,0.0
28,44,13,152.0,152,168,0.0
28,18,9,261.0,261,274,0.0
28,80,4,7.0,7,10,0.0
28,45,22,154.0,154,156,0.0
28,98,13,112.0,112,113,0.0
28,112,21,80.0,80,94,0.0
28,101,27,53.0,53,53,0.0
28,66,31,0.0,0,0,0.0
28,6,17,0.0,0,2,0.0
28,25,3,28.0,28,30,0.0
28,32,13,8.0,8,16,0.0
28,22,19,50.0,50,47,0.0
28,74,26,44.0,44,34,0.0
28,41,8,188.0,188,197,0.0
29,117,30,21.0,21,25,0.0
29,109,25,21.0,21,32,0.0
29,107,21,89.0,89,84,0.0
29,52,13,153.0,153,181,0.0
29,98,5,70.0,70,81,0.0
29,110,22,77.0,77,80,0.0
29,33,16,13.0,13,9,0.0
29,20,25,52.0,52,58,0.0
29,43,14,122.0,122,104,0.0
29,80,23,10.0,10,9,0.0
29,64,5,85.0,85,82,0.0
29,42,31,0.0,0,1,0.0
29,68,1,95.0,95,111,0.0
29,88,5,95.0,95,89,0.0
29,18,6,230.0,230,267,0.0
29,48,12,54.0,54,50,0.0
29,94,26,85.0,85,94,0.0
29,95,10,143.0,143,125,0.0
29,71,27,21.0,21,66,0.0
29,39,22,122.0,122,117,0.0
29,30,14,10.0,10,14,0.0
29,104,30,51.0,51,40,0.0
29,44,8,261.0,261,247,0.0
29,49,7,237.0,237,234,0.0
29,60,13,153.0,153,147,0.0
29,65,5,81.0,81,85,0.0
29,100,15,48.0,48,58,0.0
29,116,27,44.0,44,43,0.0
29,92,10,99.0,99,113,0.0
29,12,3,61.0,61,62,0.0
30,9,10,271.0,271,228,0.0
30,99,18,139.0,139,104,0.0
30,109,25,21.0,21,32,0.0
30,65,27,66.0,66,71,0.0
30,113,25,19.0,19,31,0.0
30,21,3,74.0,74,79,0.0
30,3,29,10.0,10,6,0.0
30,105,14,78.0,78,58,0.0
30,82,18,42.0,42,31,0.0
30,108,5,65.0,65,63,0.0
30,114,26,76.0,76,77,0.0
30,66,4,56.0,56,65,0.0
30,52,17,0.0,0,2,0.0
30,77,5,21.0,21,20,0.0
30,84,31,0.0,0,0,0.0
30,26,30,18.0,18,15,0.0
30,56,24,147.0,147,133,0.0
30,90,3,30.0,30,35,0.0
30,87,5,114.0,114,70,0.0
30,51,8,190.0,190,213,0.0
30,33,4,10.0,10,11,0.0
30,2,26,139.0,139,131,0.0
30,75,17,0.0,0,0,0.0
30,17,23,36.0,36,44,0.0
30,49,24,138.0,138,156,0.0
30,117,1,58.0,58,49,0.0
30,103,18,97.0,97,100,0.0
30,72,1,67.0,67,44,0.0
30,6,14,121.0,121,125,0.0
30,48,17,0.0,0,1,0.0
31,105,7,111.0,111,88,0.0
31,85,21,87.0,87,114,0.0
31,17,11,58.0,58,58,0.0
31,75,14,31.0,31,27,0.0
31,71,16,17.0,17,40,0.0
31,25,20,88.0,88,109,0.0
31,0,31,1.0,1,1,0.0
31,4,1,140.0,140,134,0.0
31,110,17,0.0,0,1,0.0
31,51,29,2.0,2,7,0.0
31,115,12,33.0,33,23,0.0
31,89,22,121.0,121,104,0.0
31,96,14,71.0,71,66,0.0
31,77,22,16.0,16,29,0.0
31,62,0,52.0,52,56,0.0
31,91,2,59.0,59,58,0.0
31,88,19,65.0,65,57,0.0
31,13,23,40.0,40,55,0.0
31,60,28,14.0,14,11,0.0
31,109,25,21.0,21,32,0.0
31,44,14,120.0,120,124,0.0
31,43,18,171.0,171,220,0.0
31,12,11,74.0,74,81,0.0
31,87,20,258.0,258,268,0.0
31,113,9,160.0,160,192,0.0
31,30,14,10.0,10,14,0.0
31,29,0,6.0,6,8,0.0
31,63,12,29.0,29,46,0.0
31,39,22,122.0,122,117,0.0
31,35,9,81.0,81,79,0.0
32,36,18,93.0,93,111,0.0
32,110,4,24.0,24,41,0.0
32,13,7,232.0,232,211,0.0
32,61,3,44.0,44,54,0.0
32,115,16,25.0,25,35,0.0
32,37,12,19.0,19,26,0.0
32,15,5,108.0,108,97,0.0
32,57,20,260.0,260,256,0.0
32,19,13,135.0,135,136,0.0
32,44,16,111.0,111,91,0.0
32,31,13,9.0,9,18,0.0
32,95,18,119.0,119,114,0.0
32,23,19,30.0,30,36,0.0
32,43,17,0.0,0,1,0.0
32,63,7,164.0,164,199,0.0
32,29,26,15.0,15,15,0.0
32,14,17,0.0,0,1,0.0
32,87,14,57.0,57,70,0.0
32,49,29,3.0,3,6,0.0
32,101,3,35.0,35,37,0.0
32,59,10,215.0,215,186,0.0
32,65,20,237.0,237,264,0.0
32,99,10,116.0,116,112,0.0
32,72,1,67.0,67,44,0.0
32,79,23,7.0,7,8,0.0
32,28,20,50.0,50,46,0.0
32,86,16,39.0,39,47,0.0
32,51,10,197.0,197,216,0.0
32,64,18,107.0,107,116,0.0
32,39,28,11.0,11,14,0.0
33,8,26,136.0,136,136,0.0
33,68,23,45.0,45,43,0.0
33,22,20,261.0,261,279,0.0
33,29,16,10.0,10,7,0.0
33,116,2,67.0,67,50,0.0
33,53,6,302.0,302,302,0.0
33,48,9,329.0,329,331,0.0
33,60,2,54.0,54,74,0.0
33,103,20,194.0,194,177,0.0
33,0,12,54.0,54,56,0.0
33,55,9,296.0,296,306,0.0
33,26,25,15.0,15,16,0.0
33,113,28,7.0,7,7,0.0
33,97,21,119.0,119,108,0.0
33,5,4,91.0,91,111,0.0
33,78,26,15.0,15,18,0.0
33,34,4,18.0,18,13,0.0
33,3,9,378.0,378,385,0.0
33,74,10,58.0,58,40,0.0
33,44,12,33.0,33,46,0.0
33,90,8,143.0,143,134,0.0
33,47,1,132.0,132,113,0.0
33,43,5,86.0,86,121,0.0
33,86,7,125.0,125,79,0.0
33,58,0,56.0,56,50,0.0
33,82,26,38.0,38,27,0.0
33,17,1,114.0,114,95,0.0
33,76,26,36.0,36,31,0.0
33,66,3,45.0,45,50,0.0
33,11,25,47.0,47,55,0.0
34,113,18,62.0,82,84,0.32500468866837706
34,0,24,132.0,175,144,0.3243093217251316
34,70,18,102.0,128,106,0.25031113243664
34,51,20,334.0,459,345,0.37532301718082817
34,97,30,36.0,45,45,0.2573580911739285
34,99,28,6.0,8,9,0.25904646962273803
34,57,8,154.0,213,156,0.38049187334803874
34,28,18,28.0,35,24,0.24154672403128555
34,54,25,88.0,118,75,0.34471459607457827
34,30,24,12.0,17,10,0.40820415051549586
34,32,7,20.0,26,16,0.31539410993550904
34,61,10,227.0,301,199,0.32699311938532316
34,60,27,66.0,97,74,0.4629339463778741
34,18,28,18.0,22,17,0.24490913380325402
34,29,24,16.0,19,10,0.21042644206694228
34,56,18,175.0,253,164,0.44319769702216416
34,36,3,20.0,27,24,0.33098972907759816
34,46,12,66.0,82,48,0.24346728153429897
34,83,19,48.0,60,40,0.24299956090785363
34,62,13,146.0,205,151,0.40675889333670157
34,76,22,26.0,29,32,0.11177065919662635
34,19,0,61.0,76,75,0.2481528918484563
34,66,10,176.0,220,184,0.2501282120199029
34,87,3,39.0,50,30,0.2714728621488512
34,11,6,253.0,318,268,0.25620511812093233
34,24,27,52.0,62,48,0.19190545840588707
34,38,3,39.0,46,33,0.18075263625020668
34,115,25,20.0,22,25,0.10346217583909406
34,80,6,23.0,29,29,0.2788880044323929
34,86,19,53.0,68,62,0.28505023788529765
35,62,2,65.0,65,83,0.0
35,115,18,65.0,65,76,0.0
35,77,18,24.0,24,21,0.0
35,107,6,153.0,153,129,0.0
35,40,20,280.0,280,274,0.0
35,71,11,34.0,34,41,0.0
35,93,22,119.0,119,105,0.0
35,25,0,24.0,24,25,0.0
35,0,4,100.0,100,95,0.0
35,5,13,162.0,162,194,0.0
35,7,9,360.0,360,386,0.0
35,17,2,90.0,90,84,0.0
35,31,1,13.0,13,17,0.0
35,56,12,34.0,34,40,0.0
35,86,15,46.0,46,59,0.0
35,78,22,19.0,19,22,0.0
35,28,1,25.0,25,20,0.0
35,84,23,34.0,34,29,0.0
35,87,12,30.0,30,33,0.0
35,13,5,114.0,114,97,0.0
35,96,6,148.0,148,166,0.0
35,66,1,71.0,71,107,0.0
35,54,10,221.0,221,193,0.0
35,82,6,39.0,39,41,0.0
35,81,29,0.0,0,1,0.0
35,36,6,108.0,108,109,0.0
35,101,6,150.0,150,152,0.0
35,43,6,264.0,264,336,0.0
35,63,11,65.0,65,76,0.0
35,113,18,62.0,62,84,0.0
36,69,21,154.0,154,166,0.0
36,68,30,40.0,40,52,0.0
36,8,18,202.0,202,190,0.0
36,10,18,137.0,137,148,0.0
36,77,19,11.0,11,8,0.0
36,93,2,43.0,43,56,0.0
36,63,12,29.0,29,46,0.0
36,96,29,0.0,0,4,0.0
36,1,9,353.0,353,366,0.0
36,26,19,16.0,16,14,0.0
36,53,8,192.0,192,205,0.0
36,78,5,18.0,18,17,0.0
36,112,20,141.0,141,148,0.0
36,46,21,189.0,189,184,0.0
36,39,11,44.0,44,61,0.0
36,116,1,64.0,64,49,0.0
36,95,11,57.0,57,60,0.0
36,2,15,130.0,130,113,0.0
36,98,30,48.0,48,47,0.0
36,30,12,5.0,5,5,0.0
36,108,15,64.0,64,52,0.0
36,3,12,43.0,43,46,0.0
36,75,21,53.0,53,46,0.0
36,65,24,85.0,85,79,0.0
36,47,18,209.0,209,183,0.0
36,19,25,59.0,59,57,0.0
36,59,13,143.0,143,135,0.0
36,33,30,12.0,12,10,0.0
36,14,28,14.0,14,12,0.0
36,97,12,36.0,36,35,0.0
37,78,9,43.0,43,34,0.0
37,102,21,100.0,100,107,0.0
37,81,6,38.0,38,34,0.0
37,24,4,54.0,54,55,0.0
37,95,16,46.0,46,54,0.0
37,105,8,99.0,99,96,0.0
37,69,26,134.0,134,135,0.0
37,113,30,26.0,26,27,0.0
37,7,5,133.0,133,127,0.0
37,43,15,130.0,130,105,0.0
37,65,31,0.0,0,0,0.0
37,70,5,117.0,117,87,0.0
37,1,5,128.0,128,147,0.0
37,20,27,86.0,86,105,0.0
37,63,17,0.0,0,1,0.0
37,104,31,0.0,0,2,0.0
37,2,0,85.0,85,82,0.0
37,117,16,27.0,27,25,0.0
37,33,16,13.0,13,9,0.0
37,42,0,47.0,47,74,0.0
37,17,30,57.0,57,53,0.0
37,44,10,187.0,187,203,0.0
37,12,12,43.0,43,47,0.0
37,119,29,0.0,0,2,0.0
37,71,0,43.0,43,46,0.0
37,53,29,6.0,6,8,0.0
37,8,26,136.0,136,136,0.0
37,32,7,20.0,20,16,0.0
37,73,22,45.0,45,39,0.0
37,13,19,83.0,83,69,0.0
38,90,5,80.0,80,84,0.0
38,100,4,65.0,65,55,0.0
38,41,19,77.0,77,92,0.0
38,4,31,1.0,1,1,0.0
38,10,4,84.0,84,72,0.0
38,78,5,18.0,18,17,0.0
38,1,28,11.0,11,12,0.0
38,37,12,19.0,19,26,0.0
38,102,26,68.0,68,85,0.0
38,14,17,0.0,0,1,0.0
38,21,19,55.0,55,44,0.0
38,91,12,26.0,26,38,0.0
38,35,6,73.0,73,70,0.0
38,25,7,65.0,65,62,0.0
38,65,20,237.0,237,264,0.0
38,70,16,52.0,52,44,0.0
38,44,29,7.0,7,8,0.0
38,57,0,47.0,47,62,0.0
38,11,23,61.0,61,54,0.0
38,53,15,88.0,88,95,0.0
38,64,10,158.0,158,160,0.0
38,68,28,16.0,16,17,0.0
38,52,3,55.0,55,64,0.0
38,15,29,2.0,2,6,0.0
38,115,3,53.0,53,36,0.0
38,75,16,15.0,15,16,0.0
38,59,16,49.0,49,68,0.0
38,117,9,152.0,152,133,0.0
38,22,20,261.0,261,279,0.0
38,112,20,141.0,141,148,0.0
39,103,5,77.0,107,61,0.3923936617165724
39,61,31,1.0,1,1,0.22050160550982856
39,49,24,138.0,182,156,0.3168462156036595
39,3,30,83.0,112,78,0.35471443884817844
39,30,24,12.0,16,10,0.3533707631532397
39,10,16,71.0,80,66,0.13190136999255536
39,39,17,1.0,1,1,0.41120117291777175
39,12,21,170.0,266,157,0.5627496773444567
39,105,25,45.0,56,34,0.2391780984547005
39,23,9,174.0,223,183,0.28267328545061426
39,16,12,34.0,48,34,0.40516923768239016
39,56,30,77.0,91,67,0.17947784979692621
39,1,15,100.0,144,104,0.43937868654889833
39,96,6,148.0,182,166,0.2292554815921145
39,46,14,115.0,160,118,0.3930989720839543
39,67,1,83.0,120,105,0.44046468421828655
39,52,4,86.0,123,87,0.4305913131386103
39,15,16,68.0,98,79,0.43701598568381406
39,104,4,45.0,55,42,0.23075035592700613
39,31,7,10.0,11,16,0.14988901972046462
39,63,30,52.0,59,57,0.12950678571641747
39,36,23,45.0,57,44,0.27407686856148705
39,34,27,22.0,30,25,0.3591372609904819
39,51,14,110.0,122,111,0.11240642734361284
39,55,7,221.0,286,183,0.2947338954777635
39,60,29,10.0,13,5,0.2800638153671678
39,89,22,121.0,132,104,0.089629234337846
39,7,2,116.0,157,130,0.3527786105752625
39,21,30,54.0,72,50,0.3319805606449927
39,90,22,108.0,151,100,0.39797553548266035
40,48,16,74.0,74,89,0.0
40,64,27,71.0,71,65,0.0
40,49,15,106.0,106,103,0.0
40,27,15,13.0,13,19,0.0
40,117,18,70.0,70,63,0.0
40,68,11,58.0,58,40,0.0
40,67,23,54.0,54,43,0.0
40,63,14,78.0,78,113,0.0
40,13,7,232.0,232,211,0.0
40,16,30,49.0,49,49,0.0
40,109,26,57.0,57,73,0.0
40,11,2,69.0,69,95,0.0
40,114,22,71.0,71,75,0.0
40,1,17,1.0,1,1,0.0
40,105,3,29.0,29,35,0.0
40,10,7,189.0,189,183,0.0
40,106,13,113.0,113,88,0.0
40,95,27,59.0,59,61,0.0
40,31,16,11.0,11,7,0.0
40,102,5,60.0,60,66,0.0
40,50,4,107.0,107,92,0.0
40,57,21,175.0,175,135,0.0
40,86,13,82.0,82,76,0.0
40,35,5,28.0,28,27,0.0
40,52,19,100.0,100,104,0.0
40,44,11,80.0,80,72,0.0
40,84,8,47.0,47,39,0.0
40,99,0,36.0,36,40,0.0
40,33,17,0.0,0,1,0.0
40,9,5,109.0,109,113,0.0
41,60,28,14.0,14,11,0.0
41,104,4,45.0,45,42,0.0
41,37,1,49.0,49,50,0.0
41,103,29,3.0,3,5,0.0
41,89,29,4.0,4,5,0.0
41,42,5,107.0,107,120,0.0
41,44,16,111.0,111,91,0.0
41,109,6,117.0,117,133,0.0
41,81,24,20.0,20,15,0.0
41,77,8,21.0,21,28,0.0
41,48,22,146.0,146,154,0.0
41,50,30,71.0,71,86,0.0
41,74,31,0.0,0,0,0.0
41,51,19,105.0,105,92,0.0
41,115,4,66.0,66,48,0.0
41,64,20,229.0,229,233,0.0
41,38,10,157.0,157,169,0.0
41,86,10,107.0,107,112,0.0
41,96,27,49.0,49,56,0.0
41,72,3,46.0,46,25,0.0
41,30,22,21.0,21,17,0.0
41,24,28,14.0,14,10,0.0
41,55,5,121.0,121,98,0.0
41,27,26,17.0,17,30,0.0
41,33,29,0.0,0,1,0.0
41,65,9,250.0,250,243,0.0
41,21,8,129.0,129,122,0.0
41,94,28,11.0,11,10,0.0
41,17,17,0.0,0,1,0.0
41,76,19,6.0,6,9,0.0
42,77,8,21.0,21,28,0.0
42,117,27,44.0,44,42,0.0
42,21,10,146.0,146,133,0.0
42,106,30,33.0,33,35,0.0
42,111,29,6.0,6,3,0.0
42,39,1,65.0,65,69,0.0
42,105,30,45.0,45,38,0.0
42,30,14,10.0,10,14,0.0
42,50,5,134.0,134,120,0.0
42,113,30,26.0,26,27,0.0
42,63,24,82.0,82,91,0.0
42,94,16,63.0,63,52,0.0
42,46,3,79.0,79,72,0.0
42,45,7,254.0,254,259,0.0
42,11,29,6.0,6,7,0.0
42,74,28,5.0,5,5,0.0
42,55,1,119.0,119,91,0.0
42,100,23,37.0,37,41,0.0
42,14,8,177.0,177,197,0.0
42,89,0,42.0,42,39,0.0
42,3,23,61.0,61,64,0.0
42,98,5,70.0,70,81,0.0
42,22,15,65.0,65,72,0.0
42,1,31,0.0,0,1,0.0
42,76,26,36.0,36,31,0.0
42,68,25,51.0,51,55,0.0
42,34,25,15.0,15,15,0.0
42,116,6,86.0,86,117,0.0
42,26,24,23.0,23,27,0.0
42,49,23,80.0,80,67,0.0
43,114,15,38.0,38,53,0.0
43,82,5,26.0,26,19,0.0
43,9,9,378.0,378,329,0.0
43,58,17,1.0,1,1,0.0
43,102,16,50.0,50,55,0.0
43,96,16,43.0,43,58,0.0
43,20,11,41.0,41,56,0.0
43,13,14,98.0,98,119,0.0
43,65,5,81.0,81,85,0.0
43,33,22,32.0,32,26,0.0
43,71,19,19.0,19,34,0.0
43,91,15,60.0,60,69,0.0
43,51,22,169.0,169,161,0.0
43,77,13,34.0,34,24,0.0
43,57,11,62.0,62,65,0.0
43,53,11,73.0,73,75,0.0
43,85,1,37.0,37,34,0.0
43,113,7,83.0,83,104,0.0
43,106,23,29.0,29,35,0.0
43,104,26,80.0,80,67,0.0
43,98,16,46.0,46,57,0.0
43,16,7,199.0,199,180,0.0
43,87,15,60.0,60,68,0.0
43,84,22,73.0,73,61,0.0
43,14,0,64.0,64,57,0.0
43,74,4,18.0,18,24,0.0
43,95,18,119.0,119,114,0.0
43,23,23,30.0,30,30,0.0
43,61,21,148.0,148,141,0.0
43,37,30,44.0,44,43,0.0
44,90,2,49.0,49,50,0.0
44,38,8,146.0,146,112,0.0
44,52,10,209.0,209,203,0.0
44,51,5,122.0,122,112,0.0
44,114,6,129.0,129,134,0.0
44,106,6,174.0,174,133,0.0
44,69,4,67.0,67,79,0.0
44,7,1,128.0,128,132,0.0
44,95,21,125.0,125,111,0.0
44,107,27,59.0,59,53,0.0
44,57,4,63.0,63,80,0.0
44,113,5,62.0,62,61,0.0
44,18,5,104.0,104,96,0.0
44,71,6,73.0,73,159,0.0
44,16,3,62.0,62,53,0.0
44,82,24,42.0,42,21,0.0
44,26,17,0.0,0,0,0.0
44,75,15,27.0,27,23,0.0
44,21,20,305.0,305,288,0.0
44,11,18,164.0,164,158,0.0
44,73,9,72.0,72,93,0.0
44,60,23,46.0,46,52,0.0
44,36,4,26.0,26,33,0.0
44,34,17,0.0,0,1,0.0
44,32,24,11.0,11,13,0.0
44,27,30,11.0,11,10,0.0
44,116,2,67.0,67,50,0.0
44,87,19,68.0,68,58,0.0
44,1,3,81.0,81,73,0.0
44,81,13,26.0,26,26,0.0
45,51,11,84.0,84,77,0.0
45,106,13,113.0,113,88,0.0
45,111,4,42.0,42,40,0.0
45,65,17,0.0,0,1,0.0
45,40,26,122.0,122,123,0.0
45,18,6,230.0,230,267,0.0
45,112,15,37.0,37,56,0.0
45,9,2,91.0,91,108,0.0
45,114,21,93.0,93,95,0.0
45,19,20,281.0,281,311,0.0
45,4,10,194.0,194,241,0.0
45,49,26,113.0,113,136,0.0
45,82,25,13.0,13,11,0.0
45,72,17,0.0,0,0,0.0
45,14,5,99.0,99,100,0.0
45,85,25,38.0,38,30,0.0
45,8,20,353.0,353,331,0.0
45,67,21,173.0,173,149,0.0
45,34,23,15.0,15,17,0.0
45,118,4,46.0,46,38,0.0
45,38,4,58.0,58,48,0.0
45,45,15,115.0,115,119,0.0
45,104,2,47.0,47,41,0.0
45,93,11,56.0,56,54,0.0
45,61,2,77.0,77,80,0.0
45,119,1,5.0,5,37,0.0
45,75,14,31.0,31,27,0.0
45,115,19,21.0,21,32,0.0
45,97,16,44.0,44,53,0.0
45,79,11,21.0,21,9,0.0
46,87,1,59.0,59,45,0.0
46,102,25,32.0,32,45,0.0
46,108,1,60.0,60,54,0.0
46,105,31,0.0,0,2,0.0
46,100,13,100.0,100,106,0.0
46,92,6,167.0,167,153,0.0
46,20,25,52.0,52,58,0.0
46,5,24,169.0,169,151,0.0
46,97,13,111.0,111,105,0.0
46,94,6,202.0,202,183,0.0
46,61,19,50.0,50,57,0.0
46,67,16,51.0,51,50,0.0
46,84,23,34.0,34,29,0.0
46,21,26,144.0,144,132,0.0
46,49,3,66.0,66,64,0.0
46,89,26,83.0,83,85,0.0
46,36,14,49.0,49,60,0.0
46,119,26,4.0,4,46,0.0
46,74,29,3.0,3,1,0.0
46,109,2,39.0,39,41,0.0
46,27,5,41.0,41,30,0.0
46,3,25,55.0,55,73,0.0
46,90,7,122.0,122,124,0.0
46,58,15,86.0,86,74,0.0
46,79,14,15.0,15,15,0.0
46,76,3,10.0,10,14,0.0
46,85,20,248.0,248,281,0.0
46,22,7,155.0,155,144,0.0
46,78,22,19.0,19,22,0.0
46,56,7,178.0,178,158,0.0
47,31,19,7.0,7,7,0.0
47,90,6,191.0,191,182,0.0
47,102,25,32.0,32,45,0.0
47,11,19,53.0,53,56,0.0
47,69,29,3.0,3,6,0.0
47,63,23,43.0,43,47,0.0
47,26,17,0.0,0,0,0.0
47,37,11,32.0,32,49,0.0
47,49,3,66.0,66,64,0.0
47,34,13,39.0,39,36,0.0
47,65,26,99.0,99,108,0.0
47,25,23,16.0,16,19,0.0
47,45,24,143.0,143,166,0.0
47,52,27,95.0,95,81,0.0
47,40,28,18.0,18,15,0.0
47,93,24,106.0,106,102,0.0
47,2,4,89.0,89,98,0.0
47,5,21,196.0,196,208,0.0
47,24,19,24.0,24,27,0.0
47,108,22,49.0,49,76,0.0
47,77,25,10.0,10,8,0.0
47,20,29,8.0,8,7,0.0
47,71,6,73.0,73,159,0.0
47,58,11,43.0,43,66,0.0
47,10,14,111.0,111,112,0.0
47,32,18,10.0,10,15,0.0
47,64,25,53.0,53,36,0.0
47,36,12,21.0,21,25,0.0
47,88,3,40.0,40,38,0.0
47,62,5,91.0,91,99,0.0
48,72,7,68.0,68,66,0.0
48,30,29,0.0,0,1,0.0
48,2,14,128.0,128,114,0.0
48,5,11,90.0,90,83,0.0
48,100,9,203.0,203,191,0.0
48,12,11,74.0,74,81,0.0
48,105,16,54.0,54,41,0.0
48,93,28,6.0,6,10,0.0
48,39,27,74.0,74,94,0.0
48,11,7,187.0,187,207,0.0
48,104,31,0.0,0,2,0.0
48,75,27,23.0,23,27,0.0
48,50,1,135.0,135,108,0.0
48,90,18,145.0,145,132,0.0
48,16,21,164.0,164,176,0.0
48,98,28,11.0,11,10,0.0
48,73,0,30.0,30,25,0.0
48,78,21,25.0,25,26,0.0
48,67,24,90.0,90,84,0.0
48,25,9,100.0,100,114,0.0
48,35,8,37.0,37,39,0.0
48,37,18,101.0,101,116,0.0
48,20,11,41.0,41,56,0.0
48,23,28,16.0,16,12,0.0
48,108,21,74.0,74,96,0.0
48,28,19,14.0,14,9,0.0
48,17,17,0.0,0,1,0.0
48,113,23,34.0,34,28,0.0
48,29,15,10.0,10,12,0.0
48,33,3,9.0,9,9,0.0
49,40,10,173.0,173,191,0.0
49,28,24,11.0,11,16,0.0
49,85,21,87.0,87,114,0.0
49,22,28,8.0,8,15,0.0
49,58,26,95.0,95,103,0.0
49,119,21,5.0,5,65,0.0
49,117,14,40.0,40,42,0.0
49,112,15,37.0,37,56,0.0
49,56,1,109.0,109,102,0.0
49,29,12,7.0,7,5,0.0
49,83,11,48.0,48,24,0.0
49,81,25,12.0,12,8,0.0
49,93,7,120.0,120,128,0.0
49,35,11,36.0,36,30,0.0
49,86,26,61.0,61,85,0.0
49,90,13,104.0,104,112,0.0
49,24,2,77.0,77,80,0.0
49,12,1,92.0,92,98,0.0
49,44,30,72.0,72,76,0.0
49,62,16,59.0,59,75,0.0
49,34,1,25.0,25,27,0.0
49,45,16,84.0,84,97,0.0
49,68,1,95.0,95,111,0.0
49,75,1,32.0,32,39,0.0
49,36,12,21.0,21,25,0.0
49,27,6,50.0,50,46,0.0
49,95,8,146.0,146,138,0.0
49,70,8,122.0,122,99,0.0
49,50,13,176.0,176,173,0.0
49,8,10,245.0,245,244,0.0
50,26,19,16.0,24,14,0.4913732679265042
50,59,18,133.0,189,131,0.4229000758969848
50,119,0,2.0,3,25,0.3428061393386773
50,50,23,66.0,88,60,0.3309523726719785
50,11,4,62.0,83,71,0.3441851997158798
50,12,31,0.0,1,1,0.4234792381052045
50,68,22,129.0,159,121,0.2317450844748508
50,51,0,74.0,90,72,0.2185067574877863
50,15,5,108.0,128,97,0.18695060340072545
50,64,31,0.0,1,0,0.3878066734799822
50,86,15,46.0,59,59,0.2863697425956844
50,118,19,26.0,38,21,0.47901974725482577
50,95,15,80.0,97,68,0.21340527822043093
50,83,19,48.0,57,40,0.19525834326826835
50,21,25,46.0,64,50,0.39054240428835696
50,4,12,46.0,61,51,0.3166104174483955
50,25,13,61.0,80,43,0.308027913624284
50,29,10,17.0,21,15,0.2325710547307058
50,30,20,33.0,37,35,0.1330935258123604
50,114,9,155.0,168,168,0.08623180495908803
50,76,16,13.0,15,13,0.18752725725588892
50,48,6,315.0,423,287,0.3440898768943861
50,52,21,188.0,245,196,0.30280366841478407
50,8,30,66.0,87,82,0.31153123548101913
50,70,3,78.0,102,62,0.3095012615932144
50,27,16,14.0,20,13,0.41259149578458104
50,67,0,54.0,62,63,0.14923641540613608
50,103,1,56.0,66,52,0.1841573733776735
50,94,18,111.0,142,116,0.2777726144994159
50,62,0,52.0,72,56,0.3865273999327356
51,92,11,52.0,52,49,0.0
51,85,27,37.0,37,42,0.0
51,114,18,79.0,79,76,0.0
51,91,18,136.0,136,132,0.0
51,38,25,55.0,55,59,0.0
51,112,22,69.0,69,72,0.0
51,118,15,48.0,48,32,0.0
51,11,15,94.0,94,90,0.0
51,78,28,4.0,4,2,0.0
51,15,7,204.0,204,218,0.0
51,105,27,58.0,58,48,0.0
51,63,24,82.0,82,91,0.0
51,47,25,67.0,67,66,0.0
51,111,26,54.0,54,62,0.0
51,79,24,11.0,11,10,0.0
51,83,12,24.0,24,14,0.0
51,117,13,57.0,57,61,0.0
51,29,18,29.0,29,13,0.0
51,17,14,106.0,106,101,0.0
51,52,14,120.0,120,111,0.0
51,30,20,33.0,33,35,0.0
51,2,7,237.0,237,272,0.0
51,62,23,53.0,53,52,0.0
51,36,12,21.0,21,25,0.0
51,18,11,56.0,56,56,0.0
51,66,21,146.0,146,149,0.0
51,81,27,14.0,14,16,0.0
51,107,12,33.0,33,27,0.0
51,86,15,46.0,46,59,0.0
51,95,29,6.0,6,4,0.0
52,96,23,46.0,66,44,0.4339540100915752
52,60,11,66.0,94,72,0.42895209312382343
52,73,13,44.0,64,36,0.46477452468484454
52,10,30,78.0,97,64,0.24431879147844426
52,87,29,7.0,10,4,0.3628736525731232
52,46,31,0.0,1,1,0.3988785928852766
52,82,14,24.0,33,24,0.368221529119049
52,12,18,159.0,202,162,0.2696896041225746
52,112,4,42.0,56,41,0.3230763207804891
52,63,28,24.0,35,14,0.45497435995044044
52,31,1,13.0,16,17,0.20776357937909656
52,66,17,0.0,0,1,0.11950007806739915
52,5,17,1.0,1,2,0.4753409188358883
52,3,23,61.0,67,64,0.09900933250433053
52,90,25,47.0,66,42,0.4055878593251419
52,115,16,25.0,29,35,0.15122295694043777
52,102,9,173.0,216,206,0.24768105799677875
52,75,26,44.0,56,36,0.2658488243567704
52,11,16,66.0,88,75,0.33529004409032687
52,59,2,71.0,94,76,0.32758960255592345
52,33,15,14.0,17,19,0.2060363882889178
52,94,17,0.0,1,1,0.20841536179858317
52,74,20,74.0,96,73,0.29477523298177577
52,32,6,29.0,41,29,0.4042208912784907
52,89,0,42.0,56,39,0.3380836317948177
52,71,6,73.0,96,159,0.31016272564332936
52,48,12,54.0,73,50,0.3512881844686428
52,20,22,106.0,128,126,0.20314326783871794
52,30,15,14.0,18,15,0.256168988255551
52,80,10,27.0,37,20,0.3627518754161073
53,52,2,80.0,80,95,0.0
53,49,8,209.0,209,228,0.0
53,115,6,120.0,120,125,0.0
53,2,22,138.0,138,133,0.0
53,37,21,94.0,94,99,0.0
53,83,2,18.0,18,19,0.0
53,30,21,23.0,23,20,0.0
53,27,0,24.0,24,16,0.0
53,99,10,116.0,116,112,0.0
53,11,31,1.0,1,1,0.0
53,75,12,7.0,7,12,0.0
53,92,3,27.0,27,36,0.0
53,18,9,261.0,261,274,0.0
53,31,25,4.0,4,5,0.0
53,66,7,115.0,115,147,0.0
53,112,27,34.0,34,42,0.0
53,57,27,74.0,74,80,0.0
53,40,16,78.0,78,80,0.0
53,1,31,0.0,0,1,0.0
53,97,10,134.0,134,122,0.0
53,32,4,10.0,10,8,0.0
53,53,17,1.0,1,2,0.0
53,74,3,16.0,16,21,0.0
53,105,5,68.0,68,61,0.0
53,70,30,39.0,39,39,0.0
53,16,23,45.0,45,47,0.0
53,90,29,4.0,4,4,0.0
53,42,6,307.0,307,330,0.0
53,91,27,99.0,99,65,0.0
53,72,30,27.0,27,14,0.0
54,16,11,54.0,71,64,0.3154767911815125
54,77,2,17.0,18,19,0.08000576198499504
54,63,29,7.0,8,5,0.1577528906827757
54,34,28,5.0,7,5,0.35487038116776193
54,111,7,91.0,108,98,0.18173846686658285
54,22,19,50.0,73,47,0.45438047500304846
54,88,20,284.0,337,235,0.18810233652136887
54,1,9,353.0,484,366,0.370880583905282
54,26,23,13.0,19,15,0.4272580943084755
54,43,0,62.0,80,77,0.28914295618872
54,33,16,13.0,16,9,0.25701669916727815
54,90,17,1.0,1,1,0.31312581995455757
54,108,8,122.0,173,109,0.41594103059712373
54,104,19,41.0,52,35,0.2620228391904914
54,13,21,152.0,191,177,0.25563283907309625
54,84,30,26.0,30,15,0.16110591917570213
54,3,26,136.0,178,137,0.311221042303057
54,55,15,86.0,124,76,0.44193319373143003
54,39,16,74.0,98,65,0.3282108420678564
54,41,17,0.0,1,1,0.3195970922752078
54,79,10,20.0,27,17,0.37326924647752613
54,92,17,0.0,0,1,0.18599748815147754
54,24,3,46.0,58,47,0.26119369545758403
54,42,7,230.0,326,234,0.4160193394603282
54,52,9,349.0,405,333,0.15935047641959096
54,119,29,0.0,1,2,0.24644611306398698
54,82,3,5.0,7,10,0.3558585222600648
54,15,7,204.0,265,218,0.3000471287434687
54,31,16,11.0,16,7,0.43940543361310025
54,45,2,108.0,150,111,0.3924144608894925
55,57,4,63.0,63,80,0.0
55,108,29,4.0,4,4,0.0
55,25,26,50.0,50,49,0.0
55,31,4,8.0,8,10,0.0
55,47,6,305.0,305,302,0.0
55,112,0,30.0,30,28,0.0
55,85,17,1.0,1,1,0.0
55,73,23,22.0,22,16,0.0
55,59,22,111.0,111,120,0.0
55,33,21,29.0,29,30,0.0
55,69,5,86.0,86,96,0.0
55,21,23,37.0,37,37,0.0
55,119,27,2.0,2,32,0.0
55,51,19,105.0,105,92,0.0
55,1,14,118.0,118,114,0.0
55,13,27,76.0,76,74,0.0
55,0,22,114.0,114,144,0.0
55,104,31,0.0,0,2,0.0
55,42,8,245.0,245,242,0.0
55,92,24,108.0,108,93,0.0
55,26,29,3.0,3,1,0.0
55,39,28,11.0,11,14,0.0
55,109,31,1.0,1,1,0.0
55,14,2,90.0,90,78,0.0
55,64,26,105.0,105,100,0.0
55,38,31,0.0,0,1,0.0
55,11,30,59.0,59,76,0.0
55,102,17,0.0,0,3,0.0
55,97,28,9.0,9,10,0.0
55,78,15,9.0,9,14,0.0
56,40,16,78.0,78,80,0.0
56,60,8,174.0,174,156,0.0
56,80,27,17.0,17,14,0.0
56,109,23,33.0,33,31,0.0
56,97,12,36.0,36,35,0.0
56,94,7,133.0,133,140,0.0
56,59,12,37.0,37,40,0.0
56,112,0,30.0,30,28,0.0
56,95,20,195.0,195,223,0.0
56,91,11,42.0,42,59,0.0
56,32,11,16.0,16,11,0.0
56,44,29,7.0,7,8,0.0
56,34,8,39.0,39,27,0.0
56,99,0,36.0,36,40,0.0
56,20,20,288.0,288,305,0.0
56,23,13,78.0,78,68,0.0
56,28,28,0.0,0,3,0.0
56,113,13,79.0,79,71,0.0
56,41,5,97.0,97,105,0.0
56,82,15,21.0,21,22,0.0
56,2,29,8.0,8,5,0.0
56,47,7,223.0,223,240,0.0
56,118,18,60.0,60,49,0.0
56,79,4,11.0,11,10,0.0
56,89,14,96.0,96,83,0.0
56,36,12,21.0,21,25,0.0
56,86,25,22.0,22,35,0.0
56,31,23,11.0,11,9,0.0
56,106,5,67.0,67,68,0.0
56,13,16,90.0,90,77,0.0
57,97,4,71.0,71,59,0.0
57,110,9,195.0,195,178,0.0
57,113,4,48.0,48,45,0.0
57,98,16,46.0,46,57,0.0
57,102,18,128.0,128,123,0.0
57,53,5,113.0,113,109,0.0
57,57,30,74.0,74,66,0.0
57,90,21,115.0,115,110,0.0
57,65,14,89.0,89,85,0.0
57,89,3,34.0,34,37,0.0
57,36,16,40.0,40,49,0.0
57,8,0,69.0,69,87,0.0
57,4,17,0.0,0,1,0.0
57,11,25,47.0,47,55,0.0
57,44,9,370.0,370,326,0.0
57,48,18,207.0,207,200,0.0
57,82,1,17.0,17,25,0.0
57,52,16,98.0,98,86,0.0
57,104,17,0.0,0,2,0.0
57,100,12,55.0,55,35,0.0
57,103,6,163.0,163,134,0.0
57,118,28,3.0,3,7,0.0
57,119,19,4.0,4,19,0.0
57,81,4,6.0,6,10,0.0
57,29,3,7.0,7,7,0.0
57,109,6,117.0,117,133,0.0
57,62,4,68.0,68,67,0.0
57,51,30,85.0,85,80,0.0
57,70,18,102.0,102,106,0.0
57,0,19,94.0,94,95,0.0
58,8,6,272.0,272,294,0.0
58,99,12,32.0,32,35,0.0
58,12,3,61.0,61,62,0.0
58,22,14,69.0,69,76,0.0
58,77,29,0.0,0,1,0.0
58,4,19,111.0,111,110,0.0
58,29,28,0.0,0,2,0.0
58,83,24,42.0,42,35,0.0
58,116,17,0.0,0,1,0.0
58,1,3,81.0,81,73,0.0
58,112,29,6.0,6,3,0.0
58,66,27,79.0,79,82,0.0
58,86,3,36.0,36,23,0.0
58,55,1,119.0,119,91,0.0
58,107,21,89.0,89,84,0.0
58,106,19,36.0,36,35,0.0
58,111,22,72.0,72,70,0.0
58,37,27,78.0,78,62,0.0
58,50,4,107.0,107,92,0.0
58,56,24,147.0,147,133,0.0
58,39,21,134.0,134,124,0.0
58,68,7,97.0,97,114,0.0
58,114,10,96.0,96,102,0.0
58,20,10,140.0,140,150,0.0
58,61,29,6.0,6,5,0.0
58,96,17,0.0,0,1,0.0
58,13,29,14.0,14,5,0.0
58,84,29,3.0,3,1,0.0
58,14,26,94.0,94,118,0.0
58,60,24,100.0,100,120,0.0
59,95,18,119.0,119,114,0.0
59,71,16,17.0,17,40,0.0
59,17,0,56.0,56,66,0.0
59,101,4,58.0,58,56,0.0
59,13,2,82.0,82,90,0.0
59,9,27,89.0,89,91,0.0
59,90,13,104.0,104,112,0.0
59,8,1,112.0,112,130,0.0
59,77,27,13.0,13,17,0.0
59,99,2,52.0,52,59,0.0
59,84,2,29.0,29,17,0.0
59,14,19,66.0,66,70,0.0
59,25,20,88.0,88,109,0.0
59,105,26,83.0,83,71,0.0
59,12,12,43.0,43,47,0.0
59,62,30,54.0,54,56,0.0
59,55,7,221.0,221,183,0.0
59,10,21,127.0,127,130,0.0
59,108,13,89.0,89,82,0.0
59,60,17,0.0,0,1,0.0
59,91,26,104.0,104,86,0.0
59,57,19,72.0,72,59,0.0
59,64,12,27.0,27,34,0.0
59,93,17,0.0,0,1,0.0
59,21,0,63.0,63,72,0.0
59,69,1,103.0,103,131,0.0
59,115,4,66.0,66,48,0.0
59,117,10,78.0,78,73,0.0
59,47,10,221.0,221,202,0.0
59,54,0,70.0,70,70,0.0
60,62,30,54.0,54,56,0.0
60,94,28,11.0,11,10,0.0
60,61,26,103.0,103,106,0.0
60,85,2,27.0,27,28,0.0
60,16,28,14.0,14,13,0.0
60,35,1,39.0,39,34,0.0
60,33,13,17.0,17,23,0.0
60,104,19,41.0,41,35,0.0
60,17,15,84.0,84,92,0.0
60,5,17,1.0,1,2,0.0
60,22,4,79.0,79,76,0.0
60,84,7,35.0,35,34,0.0
60,44,21,171.0,171,177,0.0
60,112,6,112.0,112,118,0.0
60,95,9,229.0,229,195,0.0
60,41,15,100.0,100,94,0.0
60,25,18,62.0,62,51,0.0
60,80,29,1.0,1,1,0.0
60,12,21,170.0,170,157,0.0
60,64,28,10.0,10,12,0.0
60,63,10,161.0,161,186,0.0
60,18,18,150.0,150,152,0.0
60,102,2,46.0,46,57,0.0
60,32,29,0.0,0,1,0.0
60,106,17,1.0,1,2,0.0
60,24,3,46.0,46,47,0.0
60,81,24,20.0,20,15,0.0
60,14,19,66.0,66,70,0.0
60,79,16,5.0,5,7,0.0
60,116,23,14.0,14,20,0.0
61,67,12,26.0,26,24,0.0
61,81,3,5.0,5,7,0.0
61,14,13,152.0,152,159,0.0
61,21,24,69.0,69,79,0.0
61,63,2,65.0,65,81,0.0
61,25,20,88.0,88,109,0.0
61,111,3,35.0,35,33,0.0
61,72,17,0.0,0,0,0.0
61,78,12,5.0,5,6,0.0
61,75,6,52.0,52,48,0.0
61,9,10,271.0,271,228,0.0
61,52,10,209.0,209,203,0.0
61,36,5,40.0,40,39,0.0
61,104,10,104.0,104,100,0.0
61,88,8,173.0,173,134,0.0
61,86,15,46.0,46,59,0.0
61,5,27,71.0,71,100,0.0
61,33,4,10.0,10,11,0.0
61,0,19,94.0,94,95,0.0
61,3,22,148.0,148,143,0.0
61,77,5,21.0,21,20,0.0
61,20,3,63.0,63,61,0.0
61,42,30,72.0,72,103,0.0
61,22,7,155.0,155,144,0.0
61,51,24,148.0,148,147,0.0
61,29,24,16.0,16,10,0.0
61,74,15,37.0,37,26,0.0
61,70,15,73.0,73,55,0.0
61,114,10,96.0,96,102,0.0
61,4,19,111.0,111,110,0.0
62,54,13,162.0,202,157,0.2495342168106871
62,48,7,242.0,315,222,0.30301875327159744
62,56,24,147.0,182,133,0.23916880140395186
62,105,5,68.0,85,61,0.2526608759499239
62,94,7,133.0,171,140,0.2828327834930376
62,92,18,125.0,151,117,0.20450831895293714
62,82,7,20.0,24,23,0.18271416580265654
62,95,28,13.0,17,11,0.28976653722004303
62,27,24,23.0,27,20,0.1526941100368678
62,32,0,9.0,10,8,0.10722646470080485
62,8,12,36.0,48,48,0.3232049070639758
62,89,7,104.0,143,152,0.3762729295424039
62,20,20,288.0,358,305,0.24316989406831957
62,72,8,78.0,95,64,0.21508460615346275
62,0,30,66.0,87,69,0.3203383763472484
62,38,15,48.0,63,71,0.3047143232959316
62,112,20,141.0,151,148,0.06832537073869546
62,23,4,79.0,96,70,0.2156945668619454
62,12,10,243.0,308,239,0.26774487792549406
62,19,16,72.0,107,63,0.479791217727713
62,110,20,153.0,222,172,0.44814642197860655
62,22,26,117.0,155,133,0.32760175607814146
62,50,8,210.0,253,225,0.20483771801905498
62,99,16,29.0,40,47,0.3787099372290501
62,66,14,85.0,101,88,0.18396351742125155
62,113,0,35.0,44,35,0.2628632031780902
62,53,30,80.0,92,80,0.14739355422369108
62,41,20,282.0,351,296,0.24409845370321462
62,68,23,45.0,63,43,0.40622395288966345
62,119,15,1.0,1,24,0.22267443549343996
63,103,12,33.0,43,32,0.314944687521796
63,75,19,17.0,21,13,0.206584383013996
63,96,23,46.0,55,44,0.2001647140327541
63,3,23,61.0,79,64,0.2932835329521591
63,77,2,17.0,19,19,0.09249715438476128
63,45,27,108.0,135,98,0.25347324552191697
63,26,13,29.0,43,39,0.4744076500611065
63,39,2,54.0,77,62,0.42045133581201555
63,55,17,0.0,1,1,0.24395923670259773
63,8,23,74.0,96,70,0.29862370385397935
63,28,27,20.0,27,14,0.3601893816866328
63,12,13,172.0,219,162,0.2734543140899955
63,21,16,60.0,85,55,0.41121225250669025
63,100,23,37.0,49,41,0.3190336737568165
63,115,30,19.0,24,33,0.2711825707867853
63,58,5,82.0,105,90,0.2856190015795463
63,80,25,6.0,7,6,0.21124152046843186
63,16,7,199.0,240,180,0.20681256252197455
63,63,1,67.0,85,88,0.2621031841113698
63,40,17,0.0,1,1,0.2841210619944491
63,56,2,88.0,112,94,0.2671194253086915
63,88,28,7.0,9,10,0.34144172110702664
63,19,20,281.0,339,311,0.20571752642508412
63,62,1,79.0,104,79,0.3192677482209491
63,32,4,10.0,12,8,0.20063043487255744
63,117,21,90.0,133,77,0.48119872108972167
63,43,8,260.0,329,243,0.26569208066478567
63,90,28,6.0,8,10,0.2660160971313243
63,67,18,112.0,125,117,0.11627684800910815
63,109,1,44.0,45,45,0.020811863378063622
64,46,22,163.0,163,154,0.0
64,23,3,68.0,68,58,0.0
64,98,16,46.0,46,57,0.0
64,0,3,67.0,67,69,0.0
64,84,25,22.0,22,22,0.0
64,96,5,60.0,60,80,0.0
64,60,1,61.0,61,74,0.0
64,51,3,68.0,68,70,0.0
64,112,7,97.0,97,102,0.0
64,81,1,13.0,13,18,0.0
64,27,1,36.0,36,27,0.0
64,11,7,187.0,187,207,0.0
64,53,25,71.0,71,75,0.0
64,34,4,18.0,18,13,0.0
64,62,13,146.0,146,151,0.0
64,55,12,39.0,39,40,0.0
64,85,18,102.0,102,99,0.0
64,63,27,71.0,71,77,0.0
64,48,0,67.0,67,71,0.0
64,18,11,56.0,56,56,0.0
64,54,19,81.0,81,92,0.0
64,26,2,31.0,31,38,0.0
64,97,13,111.0,111,105,0.0
64,99,4,62.0,62,56,0.0
64,80,16,8.0,8,7,0.0
64,24,16,31.0,31,30,0.0
64,106,10,116.0,116,107,0.0
64,9,25,74.0,74,59,0.0
64,17,11,58.0,58,58,0.0
64,59,3,46.0,46,46,0.0
65,30,8,19.0,19,17,0.0
65,10,19,64.0,64,54,0.0
65,91,14,89.0,89,79,0.0
65,67,0,54.0,54,63,0.0
65,114,20,155.0,155,154,0.0
65,33,20,104.0,104,97,0.0
65,90,0,42.0,42,34,0.0
65,13,2,82.0,82,90,0.0
65,6,11,76.0,76,79,0.0
65,48,5,128.0,128,120,0.0
65,95,21,125.0,125,111,0.0
65,11,24,124.0,124,110,0.0
65,50,2,102.0,102,97,0.0
65,59,29,7.0,7,6,0.0
65,62,29,5.0,5,6,0.0
65,84,7,35.0,35,34,0.0
65,18,12,22.0,22,32,0.0
65,113,11,43.0,43,46,0.0
65,103,19,45.0,45,41,0.0
65,7,28,13.0,13,15,0.0
65,14,22,119.0,119,144,0.0
65,19,31,0.0,0,0,0.0
65,80,1,10.0,10,16,0.0
65,15,16,68.0,68,79,0.0
65,51,18,191.0,191,208,0.0
65,77,18,24.0,24,21,0.0
65,12,14,103.0,103,119,0.0
65,36,21,110.0,110,104,0.0
65,118,15,48.0,48,32,0.0
65,73,15,26.0,26,25,0.0
66,63,5,89.0,129,93,0.4508741279879008
66,28,1,25.0,33,20,0.31735347409236225
66,29,10,17.0,23,15,0.36898745302405345
66,8,2,93.0,117,111,0.26026958135857853
66,16,27,78.0,89,73,0.1428459909256383
66,97,8,169.0,220,124,0.2995237228600168
66,56,23,67.0,93,62,0.38287353912244904
66,55,19,82.0,112,78,0.3686884942425445
66,12,15,112.0,155,93,0.3850756238355004
66,46,7,287.0,393,239,0.3700946162586754
66,96,12,59.0,84,35,0.4276408408754377
66,118,29,1.0,1,2,0.28605605576040966
66,15,3,51.0,59,61,0.14905373686521015
66,41,1,101.0,125,100,0.2371400903575596
66,17,16,67.0,82,65,0.22584990948889455
66,25,17,0.0,1,0,0.3734197460356653
66,30,16,4.0,5,6,0.2293830835487098
66,78,24,4.0,5,12,0.24290593276978603
66,70,31,1.0,2,0,0.609908807245183
66,40,24,177.0,230,161,0.2970907850839143
66,84,26,53.0,74,43,0.3981934828322911
66,119,5,6.0,9,48,0.42631554252977455
66,43,19,84.0,122,86,0.45248976022211196
66,75,26,44.0,47,36,0.07468543434283867
66,81,29,0.0,1,1,0.24547596291942048
66,61,10,227.0,297,199,0.3062497169351886
66,64,19,32.0,47,47,0.4682048640195265
66,99,17,0.0,1,2,0.39812216557207847
66,34,13,39.0,55,36,0.40207425337075015
66,37,0,27.0,31,26,0.16381878768894517
67,14,30,50.0,50,56,0.0
67,7,22,170.0,170,162,0.0
67,41,1,101.0,101,100,0.0
67,116,6,86.0,86,117,0.0
67,39,9,281.0,281,264,0.0
67,85,5,51.0,51,45,0.0
67,24,12,14.0,14,17,0.0
67,98,29,5.0,5,5,0.0
67,8,10,245.0,245,244,0.0
67,86,23,34.0,34,43,0.0
67,6,16,109.0,109,101,0.0
67,97,27,80.0,80,60,0.0
67,29,17,0.0,0,0,0.0
67,93,4,41.0,41,58,0.0
67,22,28,8.0,8,15,0.0
67,100,25,52.0,52,37,0.0
67,46,14,115.0,115,118,0.0
67,49,13,152.0,152,184,0.0
67,83,29,2.0,2,2,0.0
67,67,21,173.0,173,149,0.0
67,79,17,0.0,0,0,0.0
67,110,29,5.0,5,3,0.0
67,47,6,305.0,305,302,0.0
67,53,28,12.0,12,14,0.0
67,26,10,45.0,45,44,0.0
67,50,5,134.0,134,120,0.0
67,92,4,47.0,47,52,0.0
67,5,4,91.0,91,111,0.0
67,76,20,43.0,43,49,0.0
67,28,23,11.0,11,10,0.0
68,54,18,193.0,193,190,0.0
68,94,18,111.0,111,116,0.0
68,118,22,49.0,49,51,0.0
68,105,21,106.0,106,83,0.0
68,109,10,105.0,105,113,0.0
68,104,11,57.0,57,41,0.0
68,87,27,62.0,62,66,0.0
68,16,30,49.0,49,49,0.0
68,22,27,75.0,75,87,0.0
68,61,14,111.0,111,120,0.0
68,24,19,24.0,24,27,0.0
68,21,16,60.0,60,55,0.0
68,79,24,11.0,11,10,0.0
68,115,29,3.0,3,4,0.0
68,9,24,128.0,128,112,0.0
68,34,1,25.0,25,27,0.0
68,64,8,123.0,123,154,0.0
68,103,7,136.0,136,98,0.0
68,20,5,98.0,98,96,0.0
68,75,15,27.0,27,23,0.0
68,23,23,30.0,30,30,0.0
68,84,9,95.0,95,75,0.0
68,62,20,271.0,271,247,0.0
68,15,0,59.0,59,61,0.0
68,110,23,27.0,27,30,0.0
68,31,14,8.0,8,15,0.0
68,55,2,107.0,107,90,0.0
68,99,29,2.0,2,5,0.0
68,14,19,66.0,66,70,0.0
68,6,25,63.0,63,78,0.0
69,90,21,115.0,115,110,0.0
69,43,4,69.0,69,85,0.0
69,69,0,70.0,70,71,0.0
69,12,27,68.0,68,79,0.0
69,96,26,72.0,72,85,0.0
69,11,20,259.0,259,258,0.0
69,50,5,134.0,134,120,0.0
69,1,26,142.0,142,141,0.0
69,7,24,149.0,149,157,0.0
69,24,17,0.0,0,0,0.0
69,118,4,46.0,46,38,0.0
69,55,24,137.0,137,148,0.0
69,31,0,6.0,6,8,0.0
69,102,17,0.0,0,3,0.0
69,42,17,0.0,0,1,0.0
69,54,8,173.0,173,207,0.0
69,75,9,84.0,84,68,0.0
69,15,4,77.0,77,75,0.0
69,105,31,0.0,0,2,0.0
69,8,30,66.0,66,82,0.0
69,61,9,299.0,299,306,0.0
69,77,12,5.0,5,7,0.0
69,63,16,58.0,58,77,0.0
69,38,3,39.0,39,33,0.0
69,107,0,36.0,36,29,0.0
69,49,14,114.0,114,118,0.0
69,91,29,14.0,14,5,0.0
69,111,23,28.0,28,29,0.0
69,44,0,74.0,74,77,0.0
69,101,24,102.0,102,82,0.0
70,103,28,12.0,12,9,0.0
70,3,11,75.0,75,84,0.0
70,38,1,59.0,59,54,0.0
70,108,18,101.0,101,85,0.0
70,22,14,69.0,69,76,0.0
70,73,12,17.0,17,11,0.0
70,119,8,8.0,8,65,0.0
70,113,5,62.0,62,61,0.0
70,20,24,67.0,67,86,0.0
70,10,2,94.0,94,95,0.0
70,53,17,1.0,1,2,0.0
70,96,15,56.0,56,63,0.0
70,65,3,48.0,48,54,0.0
70,57,21,175.0,175,135,0.0
70,104,16,52.0,52,41,0.0
70,68,18,134.0,134,121,0.0
70,82,29,2.0,2,1,0.0
70,99,5,103.0,103,76,0.0
70,17,24,65.0,65,81,0.0
70,109,22,79.0,79,81,0.0
70,43,18,171.0,171,220,0.0
70,16,7,199.0,199,180,0.0
70,88,23,39.0,39,43,0.0
70,71,17,0.0,0,0,0.0
70,46,26,145.0,145,145,0.0
70,75,24,29.0,29,24,0.0
70,21,4,86.0,86,85,0.0
70,110,13,62.0,62,90,0.0
70,11,25,47.0,47,55,0.0
70,31,26,16.0,16,16,0.0
71,92,28,17.0,17,10,0.0
71,91,19,53.0,53,60,0.0
71,35,15,35.0,35,41,0.0
71,25,19,13.0,13,17,0.0
71,103,14,70.0,70,66,0.0
71,15,18,152.0,152,170,0.0
71,45,25,92.0,92,77,0.0
71,94,0,34.0,34,37,0.0
71,48,27,71.0,71,72,0.0
71,19,4,56.0,56,65,0.0
71,38,6,197.0,197,175,0.0
71,115,20,167.0,167,135,0.0
71,32,31,0.0,0,0,0.0
71,90,12,38.0,38,35,0.0
71,79,3,10.0,10,7,0.0
71,21,18,126.0,126,125,0.0
71,51,13,178.0,178,182,0.0
71,3,19,111.0,111,91,0.0
71,85,17,1.0,1,1,0.0
71,9,31,1.0,1,1,0.0
71,23,1,112.0,112,93,0.0
71,49,18,205.0,205,204,0.0
71,52,12,36.0,36,53,0.0
71,10,15,85.0,85,86,0.0
71,100,27,73.0,73,49,0.0
71,86,7,125.0,125,79,0.0
71,72,2,71.0,71,44,0.0
71,31,7,10.0,10,16,0.0
71,68,30,40.0,40,52,0.0
71,8,13,166.0,166,181,0.0
72,114,16,28.0,28,41,0.0
72,69,1,103.0,103,131,0.0
72,101,24,102.0,102,82,0.0
72,28,16,12.0,12,10,0.0
72,74,13,34.0,34,39,0.0
72,38,31,0.0,0,1,0.0
72,1,27,73.0,73,81,0.0
72,73,5,44.0,44,47,0.0
72,52,18,229.0,229,208,0.0
72,45,24,143.0,143,166,0.0
72,9,16,76.0,76,83,0.0
72,42,12,36.0,36,43,0.0
72,35,4,20.0,20,19,0.0
72,105,16,54.0,54,41,0.0
72,98,19,32.0,32,48,0.0
72,44,14,120.0,120,124,0.0
72,12,8,236.0,236,201,0.0
72,119,14,5.0,5,29,0.0
72,72,17,0.0,0,0,0.0
72,19,10,155.0,155,166,0.0
72,110,27,47.0,47,48,0.0
72,4,14,134.0,134,129,0.0
72,92,6,167.0,167,153,0.0
72,113,13,79.0,79,71,0.0
72,82,4,12.0,12,11,0.0
72,76,22,26.0,26,32,0.0
72,51,15,96.0,96,105,0.0
72,96,29,0.0,0,4,0.0
72,55,14,86.0,86,98,0.0
72,29,10,17.0,17,15,0.0
73,6,25,63.0,63,78,0.0
73,107,11,55.0,55,41,0.0
73,106,31,0.0,0,1,0.0
73,25,27,39.0,39,31,0.0
73,43,22,178.0,178,144,0.0
73,58,14,121.0,121,96,0.0
73,93,11,56.0,56,54,0.0
73,23,20,201.0,201,192,0.0
73,72,23,18.0,18,13,0.0
73,116,29,2.0,2,3,0.0
73,27,2,42.0,42,27,0.0
73,4,25,83.0,83,71,0.0
73,110,29,5.0,5,3,0.0
73,15,24,85.0,85,85,0.0
73,37,0,27.0,27,26,0.0
73,96,31,2.0,2,1,0.0
73,41,24,162.0,162,180,0.0
73,42,14,132.0,132,109,0.0
73,113,6,112.0,112,128,0.0
73,39,18,149.0,149,142,0.0
73,18,22,137.0,137,132,0.0
73,112,30,31.0,31,27,0.0
73,73,31,1.0,1,0,0.0
73,92,14,110.0,110,73,0.0
73,53,27,101.0,101,91,0.0
73,35,25,23.0,23,26,0.0
73,7,13,190.0,190,180,0.0
73,48,12,54.0,54,50,0.0
73,14,30,50.0,50,56,0.0
73,111,5,55.0,55,57,0.0
74,46,19,73.0,73,91,0.0
74,17,31,0.0,0,0,0.0
74,5,23,91.0,91,77,0.0
74,65,28,25.0,25,13,0.0
74,27,27,22.0,22,18,0.0
74,91,24,92.0,92,99,0.0
74,56,19,78.0,78,74,0.0
74,85,8,96.0,96,72,0.0
74,78,8,25.0,25,21,0.0
74,34,25,15.0,15,15,0.0
74,99,25,48.0,48,37,0.0
74,53,15,88.0,88,95,0.0
74,109,29,2.0,2,3,0.0
74,7,28,13.0,13,15,0.0
74,96,20,192.0,192,209,0.0
74,31,10,21.0,21,16,0.0
74,75,10,54.0,54,37,0.0
74,110,20,153.0,153,172,0.0
74,24,17,0.0,0,0,0.0
74,43,0,62.0,62,77,0.0
74,112,7,97.0,97,102,0.0
74,13,6,241.0,241,246,0.0
74,88,2,60.0,60,56,0.0
74,102,1,62.0,62,63,0.0
74,62,16,59.0,59,75,0.0
74,47,22,131.0,131,161,0.0
74,37,13,75.0,75,91,0.0
74,106,26,55.0,55,70,0.0
74,33,17,0.0,0,1,0.0
74,89,22,121.0,121,104,0.0
75,97,7,153.0,153,121,0.0
75,37,30,44.0,44,43,0.0
75,22,28,8.0,8,15,0.0
75,62,1,79.0,79,79,0.0
75,115,21,75.0,75,86,0.0
75,118,2,53.0,53,47,0.0
75,31,0,6.0,6,8,0.0
75,108,18,101.0,101,85,0.0
75,68,6,195.0,195,211,0.0
75,74,6,62.0,62,51,0.0
75,88,3,40.0,40,38,0.0
75,30,21,23.0,23,20,0.0
75,9,4,73.0,73,80,0.0
75,61,23,50.0,50,46,0.0
75,102,19,46.0,46,49,0.0
75,24,26,65.0,65,81,0.0
75,45,18,203.0,203,210,0.0
75,54,6,251.0,251,285,0.0
75,34,25,15.0,15,15,0.0
75,41,14,132.0,132,109,0.0
75,13,15,111.0,111,106,0.0
75,17,17,0.0,0,1,0.0
75,59,27,78.0,78,78,0.0
75,80,21,29.0,29,24,0.0
75,44,1,92.0,92,113,0.0
75,64,9,238.0,238,261,0.0
75,16,19,62.0,62,57,0.0
75,8,17,0.0,0,1,0.0
75,58,11,43.0,43,66,0.0
75,51,0,74.0,74,72,0.0
76,62,23,53.0,53,52,0.0
76,65,3,48.0,48,54,0.0
76,31,25,4.0,4,5,0.0
76,55,29,6.0,6,6,0.0
76,99,22,94.0,94,99,0.0
76,19,4,56.0,56,65,0.0
76,76,20,43.0,43,49,0.0
76,113,30,26.0,26,27,0.0
76,23,19,30.0,30,36,0.0
76,43,15,130.0,130,105,0.0
76,111,5,55.0,55,57,0.0
76,97,20,204.0,204,206,0.0
76,84,29,3.0,3,1,0.0
76,2,30,75.0,75,70,0.0
76,42,4,88.0,88,83,0.0
76,114,9,155.0,155,168,0.0
76,13,16,90.0,90,77,0.0
76,118,16,34.0,34,23,0.0
76,40,25,85.0,85,64,0.0
76,77,5,21.0,21,20,0.0
76,117,0,35.0,35,29,0.0
76,103,22,87.0,87,86,0.0
76,94,3,35.0,35,40,0.0
76,95,8,146.0,146,138,0.0
76,71,30,14.0,14,32,0.0
76,98,28,11.0,11,10,0.0
76,87,9,231.0,231,209,0.0
76,61,10,227.0,227,199,0.0
76,66,6,223.0,223,233,0.0
76,78,28,4.0,4,2,0.0
77,91,31,0.0,0,1,0.0
77,48,12,54.0,54,50,0.0
77,25,11,43.0,43,30,0.0
77,2,2,96.0,96,116,0.0
77,50,27,99.0,99,80,0.0
77,80,17,0.0,0,0,0.0
77,74,7,54.0,54,39,0.0
77,68,7,97.0,97,114,0.0
77,39,6,196.0,196,222,0.0
77,51,23,79.0,79,63,0.0
77,101,26,89.0,89,82,0.0
77,77,5,21.0,21,20,0.0
77,116,9,150.0,150,146,0.0
77,69,24,98.0,98,84,0.0
77,15,12,37.0,37,42,0.0
77,40,8,142.0,142,156,0.0
77,3,1,133.0,133,125,0.0
77,55,27,85.0,85,87,0.0
77,18,14,103.0,103,103,0.0
77,11,13,148.0,148,164,0.0
77,16,15,72.0,72,89,0.0
77,6,4,74.0,74,94,0.0
77,84,22,73.0,73,61,0.0
77,71,20,101.0,101,217,0.0
77,37,2,50.0,50,50,0.0
77,117,7,101.0,101,85,0.0
77,83,13,35.0,35,47,0.0
77,46,8,240.0,240,240,0.0
77,31,5,11.0,11,16,0.0
77,72,7,68.0,68,66,0.0
78,105,15,52.0,52,52,0.0
78,107,15,62.0,62,51,0.0
78,99,9,198.0,198,201,0.0
78,6,25,63.0,63,78,0.0
78,31,22,17.0,17,21,0.0
78,16,25,43.0,43,44,0.0
78,94,25,47.0,47,52,0.0
78,27,19,6.0,6,11,0.0
78,29,30,6.0,6,5,0.0
78,12,29,3.0,3,6,0.0
78,17,9,300.0,300,281,0.0
78,13,11,97.0,97,84,0.0
78,5,29,12.0,12,8,0.0
78,76,3,10.0,10,14,0.0
78,71,26,40.0,40,93,0.0
78,11,7,187.0,187,207,0.0
78,75,31,0.0,0,0,0.0
78,92,18,125.0,125,117,0.0
78,78,8,25.0,25,21,0.0
78,55,31,0.0,0,1,0.0
78,58,1,76.0,76,90,0.0
78,83,3,14.0,14,12,0.0
78,57,18,148.0,148,131,0.0
78,50,17,0.0,0,1,0.0
78,1,14,118.0,118,114,0.0
78,113,23,34.0,34,28,0.0
78,101,10,124.0,124,114,0.0
78,81,10,18.0,18,25,0.0
78,67,24,90.0,90,84,0.0
78,80,31,0.0,0,0,0.0
79,91,31,0.0,0,1,0.0
79,42,11,53.0,53,66,0.0
79,106,27,42.0,42,52,0.0
79,75,13,35.0,35,36,0.0
79,13,14,98.0,98,119,0.0
79,71,23,11.0,11,26,0.0
79,25,5,46.0,46,49,0.0
79,73,23,22.0,22,16,0.0
79,86,10,107.0,107,112,0.0
79,85,7,62.0,62,55,0.0
79,0,17,0.0,0,1,0.0
79,2,5,133.0,133,139,0.0
79,108,6,146.0,146,131,0.0
79,39,11,44.0,44,61,0.0
79,95,21,125.0,125,111,0.0
79,59,24,107.0,107,126,0.0
79,14,11,87.0,87,85,0.0
79,66,24,78.0,78,95,0.0
79,110,17,0.0,0,1,0.0
79,107,21,89.0,89,84,0.0
79,63,30,52.0,52,57,0.0
79,94,18,111.0,111,116,0.0
79,30,31,0.0,0,0,0.0
79,35,25,23.0,23,26,0.0
79,65,29,11.0,11,5,0.0
79,38,5,65.0,65,66,0.0
79,33,17,0.0,0,1,0.0
79,113,8,78.0,78,121,0.0
79,51,17,0.0,0,2,0.0
79,77,10,25.0,25,25,0.0
80,22,31,1.0,1,0,0.0
80,36,7,63.0,63,68,0.0
80,113,11,43.0,43,46,0.0
80,60,24,100.0,100,120,0.0
80,5,21,196.0,196,208,0.0
80,69,31,0.0,0,0,0.0
80,64,14,95.0,95,86,0.0
80,38,0,27.0,27,28,0.0
80,40,1,79.0,79,85,0.0
80,34,25,15.0,15,15,0.0
80,97,21,119.0,119,108,0.0
80,79,1,19.0,19,14,0.0
80,80,4,7.0,7,10,0.0
80,111,26,54.0,54,62,0.0
80,9,25,74.0,74,59,0.0
80,104,12,41.0,41,30,0.0
80,44,8,261.0,261,247,0.0
80,2,18,220.0,220,205,0.0
80,57,12,35.0,35,45,0.0
80,108,24,50.0,50,60,0.0
80,119,19,4.0,4,19,0.0
80,45,3,69.0,69,74,0.0
80,78,10,25.0,25,18,0.0
80,37,7,74.0,74,85,0.0
80,88,20,284.0,284,235,0.0
80,33,28,3.0,3,3,0.0
80,62,14,115.0,115,120,0.0
80,0,8,244.0,244,227,0.0
80,101,14,85.0,85,66,0.0
80,20,3,63.0,63,61,0.0
81,30,3,7.0,7,6,0.0
81,56,17,0.0,0,1,0.0
81,66,23,43.0,43,43,0.0
81,90,29,4.0,4,4,0.0
81,2,21,165.0,165,174,0.0
81,86,21,107.0,107,117,0.0
81,104,12,41.0,41,30,0.0
81,48,13,171.0,171,176,0.0
81,40,7,122.0,122,160,0.0
81,5,26,139.0,139,138,0.0
81,67,15,81.0,81,70,0.0
81,25,14,57.0,57,34,0.0
81,91,7,122.0,122,136,0.0
81,94,30,33.0,33,42,0.0
81,14,19,66.0,66,70,0.0
81,71,10,42.0,42,90,0.0
81,31,13,9.0,9,18,0.0
81,3,18,268.0,268,207,0.0
81,93,1,49.0,49,60,0.0
81,68,11,58.0,58,40,0.0
81,111,18,81.0,81,86,0.0
81,19,14,86.0,86,100,0.0
81,107,27,59.0,59,53,0.0
81,119,25,1.0,1,15,0.0
81,73,5,44.0,44,47,0.0
81,63,24,82.0,82,91,0.0
81,69,24,98.0,98,84,0.0
81,106,8,117.0,117,106,0.0
81,55,18,154.0,154,169,0.0
81,23,2,115.0,115,96,0.0
82,47,26,111.0,111,148,0.0
82,99,11,63.0,63,51,0.0
82,98,12,40.0,40,34,0.0
82,119,11,0.0,0,26,0.0
82,43,8,260.0,260,243,0.0
82,11,4,62.0,62,71,0.0
82,73,30,8.0,8,15,0.0
82,86,17,0.0,0,1,0.0
82,87,12,30.0,30,33,0.0
82,116,17,0.0,0,1,0.0
82,46,31,0.0,0,1,0.0
82,8,10,245.0,245,244,0.0
82,52,16,98.0,98,86,0.0
82,24,10,92.0,92,78,0.0
82,109,11,67.0,67,53,0.0
82,113,29,4.0,4,3,0.0
82,32,2,16.0,16,13,0.0
82,102,10,104.0,104,121,0.0
82,19,12,35.0,35,26,0.0
82,27,17,0.0,0,0,0.0
82,67,7,131.0,131,115,0.0
82,23,16,47.0,47,36,0.0
82,76,10,23.0,23,39,0.0
82,17,2,90.0,90,84,0.0
82,64,25,53.0,53,36,0.0
82,14,15,80.0,80,107,0.0
82,40,11,59.0,59,63,0.0
82,74,14,31.0,31,28,0.0
82,92,19,53.0,53,57,0.0
82,71,20,101.0,101,217,0.0
83,12,9,373.0,373,353,0.0
83,107,26,57.0,57,65,0.0
83,6,27,100.0,100,94,0.0
83,49,3,66.0,66,64,0.0
83,37,16,41.0,41,65,0.0
83,79,31,0.0,0,0,0.0
83,88,0,34.0,34,36,0.0
83,25,13,61.0,61,43,0.0
83,55,6,303.0,303,261,0.0
83,0,4,100.0,100,95,0.0
83,90,3,30.0,30,35,0.0
83,78,19,11.0,11,6,0.0
83,29,17,0.0,0,0,0.0
83,51,16,100.0,100,97,0.0
83,108,30,30.0,30,39,0.0
83,62,7,177.0,177,216,0.0
83,63,24,82.0,82,91,0.0
83,76,11,24.0,24,17,0.0
83,54,22,162.0,162,163,0.0
83,106,28,5.0,5,8,0.0
83,100,27,73.0,73,49,0.0
83,7,2,116.0,116,130,0.0
83,39,8,130.0,130,127,0.0
83,22,8,130.0,130,135,0.0
83,21,25,46.0,46,50,0.0
83,41,6,298.0,298,283,0.0
83,15,20,239.0,239,280,0.0
83,64,1,94.0,94,73,0.0
83,114,24,57.0,57,60,0.0
83,57,31,0.0,0,1,0.0
84,49,21,192.0,192,196,0.0
84,72,4,48.0,48,26,0.0
84,105,31,0.0,0,2,0.0
84,84,19,52.0,52,47,0.0
84,111,11,41.0,41,50,0.0
84,94,5,90.0,90,79,0.0
84,61,7,160.0,160,171,0.0
84,46,22,163.0,163,154,0.0
84,115,28,5.0,5,9,0.0
84,117,10,78.0,78,73,0.0
84,86,27,47.0,47,54,0.0
84,60,31,1.0,1,1,0.0
84,78,22,19.0,19,22,0.0
84,91,9,173.0,173,214,0.0
84,102,19,46.0,46,49,0.0
84,17,19,60.0,60,58,0.0
84,3,18,268.0,268,207,0.0
84,95,23,44.0,44,49,0.0
84,76,19,6.0,6,9,0.0
84,50,25,102.0,102,69,0.0
84,116,25,16.0,16,23,0.0
84,54,5,115.0,115,107,0.0
84,44,25,68.0,68,77,0.0
84,39,13,127.0,127,124,0.0
84,18,15,82.0,82,84,0.0
84,37,24,87.0,87,124,0.0
84,63,19,48.0,48,57,0.0
84,33,27,22.0,22,16,0.0
84,100,12,55.0,55,35,0.0
84,90,26,91.0,91,83,0.0
85,47,24,124.0,124,145,0.0
85,13,21,152.0,152,177,0.0
85,52,11,58.0,58,75,0.0
85,33,25,8.0,8,8,0.0
85,42,0,47.0,47,74,0.0
85,91,30,44.0,44,44,0.0
85,76,14,23.0,23,23,0.0
85,71,7,69.0,69,125,0.0
85,67,0,54.0,54,63,0.0
85,80,29,1.0,1,1,0.0
85,116,1,64.0,64,49,0.0
85,108,22,49.0,49,76,0.0
85,118,15,48.0,48,32,0.0
85,112,28,11.0,11,7,0.0
85,106,13,113.0,113,88,0.0
85,103,22,87.0,87,86,0.0
85,7,11,79.0,79,88,0.0
85,3,26,136.0,136,137,0.0
85,43,15,130.0,130,105,0.0
85,93,4,41.0,41,58,0.0
85,54,10,221.0,221,193,0.0
85,77,21,28.0,28,33,0.0
85,61,7,160.0,160,171,0.0
85,40,10,173.0,173,191,0.0
85,85,11,39.0,39,39,0.0
85,75,30,17.0,17,10,0.0
85,29,22,25.0,25,19,0.0
85,15,0,59.0,59,61,0.0
85,99,17,0.0,0,2,0.0
85,53,26,154.0,154,137,0.0
86,112,12,31.0,31,25,0.0
86,52,27,95.0,95,81,0.0
86,72,11,27.0,27,17,0.0
86,88,22,94.0,94,95,0.0
86,82,29,2.0,2,1,0.0
86,14,15,80.0,80,107,0.0
86,118,22,49.0,49,51,0.0
86,26,31,0.0,0,0,0.0
86,43,20,333.0,333,319,0.0
86,11,2,69.0,69,95,0.0
86,13,2,82.0,82,90,0.0
86,92,10,99.0,99,113,0.0
86,96,4,46.0,46,58,0.0
86,100,26,89.0,89,78,0.0
86,17,30,57.0,57,53,0.0
86,34,4,18.0,18,13,0.0
86,30,19,10.0,10,6,0.0
86,84,12,17.0,17,14,0.0
86,94,17,0.0,0,1,0.0
86,21,16,60.0,60,55,0.0
86,27,15,13.0,13,19,0.0
86,49,6,317.0,317,311,0.0
86,55,6,303.0,303,261,0.0
86,25,16,22.0,22,21,0.0
86,119,9,19.0,19,95,0.0
86,1,28,11.0,11,12,0.0
86,66,13,128.0,128,122,0.0
86,35,24,69.0,69,53,0.0
86,53,9,331.0,331,320,0.0
86,99,21,110.0,110,110,0.0
87,6,2,85.0,85,108,0.0
87,59,9,291.0,291,273,0.0
87,61,14,111.0,111,120,0.0
87,70,24,68.0,68,66,0.0
87,116,4,50.0,50,41,0.0
87,30,28,4.0,4,2,0.0
87,54,20,359.0,359,333,0.0
87,111,0,28.0,28,30,0.0
87,31,10,21.0,21,16,0.0
87,27,28,5.0,5,3,0.0
87,79,13,17.0,17,18,0.0
87,104,11,57.0,57,41,0.0
87,12,2,92.0,92,93,0.0
87,42,5,107.0,107,120,0.0
87,22,7,155.0,155,144,0.0
87,91,23,44.0,44,47,0.0
87,37,30,44.0,44,43,0.0
87,13,17,0.0,0,1,0.0
87,57,3,55.0,55,57,0.0
87,101,15,58.0,58,64,0.0
87,25,2,54.0,54,52,0.0
87,83,16,11.0,11,19,0.0
87,60,19,45.0,45,52,0.0
87,33,18,29.0,29,26,0.0
87,117,18,70.0,70,63,0.0
87,24,29,5.0,5,3,0.0
87,100,10,122.0,122,115,0.0
87,85,18,102.0,102,99,0.0
87,20,28,15.0,15,20,0.0
87,77,3,4.0,4,10,0.0
88,42,21,165.0,165,166,0.0
88,82,26,38.0,38,27,0.0
88,3,17,0.0,0,1,0.0
88,115,7,66.0,66,89,0.0
88,71,10,42.0,42,90,0.0
88,48,14,105.0,105,113,0.0
88,13,5,114.0,114,97,0.0
88,53,28,12.0,12,14,0.0
88,35,31,0.0,0,1,0.0
88,101,11,50.0,50,47,0.0
88,94,19,41.0,41,56,0.0
88,5,30,77.0,77,81,0.0
88,102,10,104.0,104,121,0.0
88,43,10,197.0,197,203,0.0
88,108,9,188.0,188,188,0.0
88,7,27,84.0,84,112,0.0
88,44,3,58.0,58,72,0.0
88,83,11,48.0,48,24,0.0
88,86,0,29.0,29,22,0.0
88,97,6,207.0,207,167,0.0
88,84,31,0.0,0,0,0.0
88,15,19,48.0,48,63,0.0
88,79,22,22.0,22,20,0.0
88,88,30,30.0,30,47,0.0
88,95,27,59.0,59,61,0.0
88,1,25,62.0,62,63,0.0
88,80,21,29.0,29,24,0.0
88,67,1,83.0,83,105,0.0
88,93,29,5.0,5,5,0.0
88,12,12,43.0,43,47,0.0
89,70,9,213.0,213,192,0.0
89,89,19,57.0,57,57,0.0
89,85,11,39.0,39,39,0.0
89,49,3,66.0,66,64,0.0
89,19,9,223.0,223,253,0.0
89,118,26,58.0,58,61,0.0
89,63,23,43.0,43,47,0.0
89,94,29,7.0,7,5,0.0
89,73,8,61.0,61,56,0.0
89,103,20,194.0,194,177,0.0
89,17,23,36.0,36,44,0.0
89,6,26,151.0,151,137,0.0
89,39,8,130.0,130,127,0.0
89,116,9,150.0,150,146,0.0
89,74,13,34.0,34,39,0.0
89,61,28,14.0,14,12,0.0
89,117,15,49.0,49,34,0.0
89,58,15,86.0,86,74,0.0
89,76,4,13.0,13,18,0.0
89,95,1,53.0,53,56,0.0
89,53,30,80.0,80,80,0.0
89,42,5,107.0,107,120,0.0
89,81,10,18.0,18,25,0.0
89,68,30,40.0,40,52,0.0
89,29,0,6.0,6,8,0.0
89,8,19,101.0,101,77,0.0
89,38,6,197.0,197,175,0.0
89,96,29,0.0,0,4,0.0
89,64,3,52.0,52,47,0.0
89,30,31,0.0,0,0,0.0
90,34,29,2.0,2,1,0.0
90,33,16,13.0,13,9,0.0
90,1,3,81.0,81,73,0.0
90,49,26,113.0,113,136,0.0
90,50,29,11.0,11,6,0.0
90,25,6,92.0,92,82,0.0
90,3,9,378.0,378,385,0.0
90,77,5,21.0,21,20,0.0
90,20,11,41.0,41,56,0.0
90,100,17,0.0,0,2,0.0
90,7,23,68.0,68,78,0.0
90,53,29,6.0,6,8,0.0
90,54,11,61.0,61,61,0.0
90,42,3,60.0,60,60,0.0
90,107,20,174.0,174,150,0.0
90,102,27,67.0,67,56,0.0
90,92,31,0.0,0,1,0.0
90,48,23,63.0,63,64,0.0
90,5,28,20.0,20,16,0.0
90,119,14,5.0,5,29,0.0
90,60,14,86.0,86,105,0.0
90,84,16,28.0,28,23,0.0
90,73,3,20.0,20,29,0.0
90,75,31,0.0,0,0,0.0
90,117,21,90.0,90,77,0.0
90,11,6,253.0,253,268,0.0
90,4,11,74.0,74,84,0.0
90,19,27,82.0,82,104,0.0
90,78,6,37.0,37,25,0.0
90,71,23,11.0,11,26,0.0
91,29,20,25.0,25,32,0.0
91,33,27,22.0,22,16,0.0
91,48,23,63.0,63,64,0.0
91,7,2,116.0,116,130,0.0
91,55,0,61.0,61,63,0.0
91,110,1,44.0,44,47,0.0
91,57,22,150.0,150,134,0.0
91,62,21,151.0,151,156,0.0
91,21,25,46.0,46,50,0.0
91,106,4,56.0,56,39,0.0
91,27,13,31.0,31,27,0.0
91,80,8,18.0,18,19,0.0
91,14,7,198.0,198,222,0.0
91,69,24,98.0,98,84,0.0
91,66,22,120.0,120,125,0.0
91,12,17,1.0,1,1,0.0
91,67,20,247.0,247,237,0.0
91,109,26,57.0,57,73,0.0
91,108,8,122.0,122,109,0.0
91,98,5,70.0,70,81,0.0
91,91,1,55.0,55,58,0.0
91,94,22,102.0,102,111,0.0
91,71,26,40.0,40,93,0.0
91,51,18,191.0,191,208,0.0
91,41,10,166.0,166,214,0.0
91,35,30,23.0,23,25,0.0
91,119,29,0.0,0,2,0.0
91,76,11,24.0,24,17,0.0
91,116,30,27.0,27,26,0.0
91,40,7,122.0,122,160,0.0
92,92,26,78.0,78,88,0.0
92,78,30,5.0,5,5,0.0
92,36,10,82.0,82,94,0.0
92,35,21,93.0,93,94,0.0
92,67,7,131.0,131,115,0.0
92,42,25,88.0,88,83,0.0
92,47,12,49.0,49,51,0.0
92,16,22,136.0,136,138,0.0
92,8,22,170.0,170,171,0.0
92,82,19,32.0,32,20,0.0
92,56,25,62.0,62,68,0.0
92,68,13,101.0,101,98,0.0
92,14,25,46.0,46,53,0.0
92,105,10,129.0,129,93,0.0
92,93,3,26.0,26,39,0.0
92,12,20,254.0,254,282,0.0
92,19,20,281.0,281,311,0.0
92,21,17,0.0,0,0,0.0
92,43,19,84.0,84,86,0.0
92,53,25,71.0,71,75,0.0
92,27,5,41.0,41,30,0.0
92,108,1,60.0,60,54,0.0
92,32,28,2.0,2,2,0.0
92,119,12,2.0,2,15,0.0
92,45,25,92.0,92,77,0.0
92,80,7,13.0,13,16,0.0
92,95,28,13.0,13,11,0.0
92,97,5,103.0,103,74,0.0
92,64,20,229.0,229,233,0.0
92,1,26,142.0,142,141,0.0
93,56,2,88.0,88,94,0.0
93,94,16,63.0,63,52,0.0
93,92,13,123.0,123,98,0.0
93,80,8,18.0,18,19,0.0
93,64,7,152.0,152,163,0.0
93,52,1,108.0,108,105,0.0
93,17,1,114.0,114,95,0.0
93,70,1,111.0,111,114,0.0
93,69,9,215.0,215,210,0.0
93,4,23,69.0,69,72,0.0
93,117,4,46.0,46,47,0.0
93,25,24,25.0,25,35,0.0
93,36,6,108.0,108,109,0.0
93,71,1,64.0,64,88,0.0
93,26,18,37.0,37,41,0.0
93,33,31,0.0,0,1,0.0
93,7,28,13.0,13,15,0.0
93,65,24,85.0,85,79,0.0
93,46,29,4.0,4,8,0.0
93,88,20,284.0,284,235,0.0
93,93,27,62.0,62,63,0.0
93,107,23,36.0,36,29,0.0
93,49,25,66.0,66,69,0.0
93,16,10,187.0,187,174,0.0
93,110,29,5.0,5,3,0.0
93,24,15,37.0,37,44,0.0
93,79,24,11.0,11,10,0.0
93,38,28,17.0,17,13,0.0
93,105,24,94.0,94,69,0.0
93,57,3,55.0,55,57,0.0
94,10,18,137.0,137,148,0.0
94,29,21,21.0,21,21,0.0
94,50,6,357.0,357,299,0.0
94,117,20,151.0,151,141,0.0
94,54,21,173.0,173,161,0.0
94,80,23,10.0,10,9,0.0
94,96,27,49.0,49,56,0.0
94,3,26,136.0,136,137,0.0
94,18,25,48.0,48,52,0.0
94,78,0,8.0,8,8,0.0
94,36,14,49.0,49,60,0.0
94,90,3,30.0,30,35,0.0
94,103,21,95.0,95,99,0.0
94,39,5,85.0,85,74,0.0
94,83,7,27.0,27,26,0.0
94,5,24,169.0,169,151,0.0
94,72,16,16.0,16,14,0.0
94,26,11,27.0,27,22,0.0
94,38,11,46.0,46,54,0.0
94,62,12,44.0,44,47,0.0
94,48,2,107.0,107,93,0.0
94,14,22,119.0,119,144,0.0
94,110,5,40.0,40,57,0.0
94,86,17,0.0,0,1,0.0
94,88,26,80.0,80,99,0.0
94,44,29,7.0,7,8,0.0
94,11,14,105.0,105,123,0.0
94,85,5,51.0,51,45,0.0
94,58,14,121.0,121,96,0.0
94,46,17,1.0,1,1,0.0
95,91,9,173.0,173,214,0.0
95,62,14,115.0,115,120,0.0
95,86,12,36.0,36,28,0.0
95,101,30,40.0,40,40,0.0
95,53,2,113.0,113,102,0.0
95,6,3,55.0,55,70,0.0
95,20,0,61.0,61,76,0.0
95,32,29,0.0,0,1,0.0
95,37,12,19.0,19,26,0.0
95,68,12,25.0,25,20,0.0
95,111,12,20.0,20,31,0.0
95,108,31,1.0,1,1,0.0
95,85,19,57.0,57,62,0.0
95,55,29,6.0,6,6,0.0
95,99,30,40.0,40,46,0.0
95,75,0,17.0,17,20,0.0
95,0,17,0.0,0,1,0.0
95,83,29,2.0,2,2,0.0
95,63,27,71.0,71,77,0.0
95,8,2,93.0,93,111,0.0
95,60,18,122.0,122,124,0.0
95,109,19,48.0,48,39,0.0
95,92,4,47.0,47,52,0.0
95,59,27,78.0,78,78,0.0
95,87,21,123.0,123,116,0.0
95,70,31,1.0,1,0,0.0
95,46,30,71.0,71,70,0.0
95,61,24,110.0,110,106,0.0
95,79,5,12.0,12,15,0.0
95,100,17,0.0,0,2,0.0
96,116,6,86.0,86,117,0.0
96,4,15,102.0,102,118,0.0
96,5,1,125.0,125,146,0.0
96,31,15,13.0,13,14,0.0
96,54,9,344.0,344,322,0.0
96,98,22,101.0,101,104,0.0
96,83,13,35.0,35,47,0.0
96,11,17,0.0,0,1,0.0
96,117,12,19.0,19,19,0.0
96,48,21,209.0,209,184,0.0
96,60,22,108.0,108,125,0.0
96,76,13,26.0,26,29,0.0
96,26,18,37.0,37,41,0.0
96,14,15,80.0,80,107,0.0
96,34,2,15.0,15,20,0.0
96,2,11,83.0,83,78,0.0
96,22,9,210.0,210,216,0.0
96,109,18,95.0,95,91,0.0
96,77,8,21.0,21,28,0.0
96,6,22,156.0,156,174,0.0
96,8,19,101.0,101,77,0.0
96,104,15,49.0,49,55,0.0
96,32,4,10.0,10,8,0.0
96,18,10,165.0,165,183,0.0
96,56,17,0.0,0,1,0.0
96,20,30,46.0,46,58,0.0
96,27,6,50.0,50,46,0.0
96,30,22,21.0,21,17,0.0
96,82,12,16.0,16,11,0.0
96,28,8,22.0,22,26,0.0
97,31,8,14.0,14,18,0.0
97,20,8,122.0,122,110,0.0
97,23,12,20.0,20,19,0.0
97,45,5,118.0,118,141,0.0
97,8,18,202.0,202,190,0.0
97,12,2,92.0,92,93,0.0
97,36,5,40.0,40,39,0.0
97,53,29,6.0,6,8,0.0
97,54,25,88.0,88,75,0.0
97,65,5,81.0,81,85,0.0
97,32,4,10.0,10,8,0.0
97,67,10,171.0,171,157,0.0
97,19,29,7.0,7,6,0.0
97,14,27,73.0,73,66,0.0
97,47,17,0.0,0,1,0.0
97,50,26,140.0,140,146,0.0
97,15,11,77.0,77,77,0.0
97,117,17,0.0,0,1,0.0
97,6,8,233.0,233,244,0.0
97,52,24,190.0,190,158,0.0
97,71,3,35.0,35,56,0.0
97,3,16,137.0,137,101,0.0
97,72,11,27.0,27,17,0.0
97,34,25,15.0,15,15,0.0
97,84,18,83.0,83,69,0.0
97,73,15,26.0,26,25,0.0
97,93,25,46.0,46,50,0.0
97,40,3,28.0,28,45,0.0
97,30,22,21.0,21,17,0.0
97,2,4,89.0,89,98,0.0
98,17,28,22.0,29,13,0.333470393263671
98,62,7,177.0,249,216,0.4070937291564267
98,42,30,72.0,100,103,0.3867346730267677
98,28,21,31.0,42,34,0.3645623821717435
98,26,29,3.0,4,1,0.36238280219398356
98,9,21,159.0,203,158,0.27791646205292403
98,54,3,84.0,121,65,0.43510114824755686
98,44,24,174.0,222,164,0.2783665019356127
98,68,11,58.0,67,40,0.16125472868510551
98,84,23,34.0,51,29,0.5144016896592649
98,114,15,38.0,52,53,0.36724285923959515
98,20,13,153.0,180,131,0.1784764299620713
98,22,26,117.0,154,133,0.31548838995840567
98,81,15,11.0,14,17,0.2839221502064993
98,79,1,19.0,27,14,0.43313305836810434
98,29,11,14.0,17,9,0.19912445518419025
98,70,23,30.0,38,30,0.27137945176749356
98,11,5,91.0,115,107,0.26207114822207606
98,36,30,36.0,44,31,0.22580112994065737
98,90,26,91.0,124,83,0.36213795759645445
98,64,4,65.0,94,61,0.44071017394175704
98,97,27,80.0,116,60,0.45507755017783336
98,48,0,67.0,102,71,0.5275966008421848
98,7,5,133.0,160,127,0.20192929930777948
98,80,11,17.0,21,11,0.24467846862127182
98,45,29,10.0,11,9,0.09928245838181746
98,27,28,5.0,6,3,0.26218742110558774
98,59,13,143.0,165,135,0.15075613405173108
98,75,29,3.0,4,1,0.3253542029178114
98,72,26,48.0,65,37,0.3633277723391092
99,102,27,67.0,67,56,0.0
99,48,7,242.0,242,222,0.0
99,107,27,59.0,59,53,0.0
99,26,29,3.0,3,1,0.0
99,23,30,24.0,24,33,0.0
99,24,8,100.0,100,98,0.0
99,6,11,76.0,76,79,0.0
99,43,1,90.0,90,124,0.0
99,103,14,70.0,70,66,0.0
99,109,6,117.0,117,133,0.0
99,118,11,55.0,55,35,0.0
99,83,10,37.0,37,43,0.0
99,8,22,170.0,170,171,0.0
99,13,25,47.0,47,50,0.0
99,100,0,36.0,36,36,0.0
99,77,18,24.0,24,21,0.0
99,70,8,122.0,122,99,0.0
99,79,6,19.0,19,24,0.0
99,5,30,77.0,77,81,0.0
99,46,22,163.0,163,154,0.0
99,19,27,82.0,82,104,0.0
99,21,11,50.0,50,48,0.0
99,45,3,69.0,69,74,0.0
99,59,20,238.0,238,232,0.0
99,53,4,91.0,91,93,0.0
99,112,31,0.0,0,1,0.0
99,38,4,58.0,58,48,0.0
99,37,17,0.0,0,1,0.0
99,41,20,282.0,282,296,0.0
99,54,29,7.0,7,8,0.0
100,47,31,0.0,0,0,0.0
100,0,29,5.0,5,6,0.0
100,38,27,93.0,93,88,0.0
100,88,15,71.0,71,68,0.0
100,35,19,58.0,58,51,0.0
100,108,8,122.0,122,109,0.0
100,86,26,61.0,61,85,0.0
100,1,26,142.0,142,141,0.0
100,43,9,356.0,356,344,0.0
100,79,18,25.0,25,16,0.0
100,7,31,0.0,0,1,0.0
100,44,30,72.0,72,76,0.0
100,21,17,0.0,0,0,0.0
100,52,7,238.0,238,233,0.0
100,10,24,120.0,120,102,0.0
100,93,19,39.0,39,54,0.0
100,85,3,17.0,17,19,0.0
100,55,9,296.0,296,306,0.0
100,70,28,25.0,25,15,0.0
100,116,15,38.0,38,38,0.0
100,18,16,60.0,60,65,0.0
100,84,23,34.0,34,29,0.0
100,58,7,146.0,146,153,0.0
100,60,21,114.0,114,138,0.0
100,68,3,65.0,65,53,0.0
100,103,27,70.0,70,50,0.0
100,82,7,20.0,20,23,0.0
100,40,30,100.0,100,86,0.0
100,112,8,109.0,109,111,0.0
100,119,5,6.0,6,48,0.0
